profile_id,churn_probability,risk_level
7686e8a8-0b72-4e5f-808b-ffee5bd92d59,0.1857,LOW
8e797c27-a50c-4ed1-8f37-29bf7cfdf397,0.0589,LOW
8e8437b4-f225-46a8-99d1-19e0b8cb7762,0.2829,LOW
9128c4a4-f905-4f7a-817d-efc5c230ff71,0.268,LOW
93673470-9b4a-4a62-ac56-a31b4d57ce60,0.1201,LOW
979f159a-d7c5-455c-adca-690ec30601cd,0.0777,LOW
97a06819-e6cb-49c4-96fb-1d39ab83be77,0.2401,LOW
98268f01-3512-4cb4-9e76-a68585bf6118,0.1839,LOW
983db6ea-f239-40de-a5ae-a6099548419a,0.0314,LOW
9999f994-c0c6-432f-acfd-89de8f44c2c8,0.0779,LOW
99d593c3-676d-4338-9f3a-8ecfc05ffd16,0.1622,LOW
9a08f5c0-3ac1-4a30-b280-d6f785d98b93,0.1609,LOW
b3c747a4-60af-4c91-b165-34a4863904e7,0.1352,LOW
b6caa90b-582e-4b17-a8a1-b1536abe3205,0.2556,LOW
c30b8f2b-3df6-4219-8b9c-b28fd267968e,0.1073,LOW
c95291b7-96cd-450f-bc4d-4038c83275e8,0.1215,LOW
e92fde26-a493-4652-a6a9-c247f035ed52,0.0494,LOW
ee4462c0-21d6-4a77-b580-0ab2727dc568,0.0728,LOW
f582c7ce-478c-4ddf-90a2-3d8a9438117f,0.1776,LOW
23d03563-701b-4679-b98f-c2f2aea18dc3,0.1259,LOW
1b58441a-c61e-4ece-bb5d-bf30c2699c9f,0.0048,LOW
20df4ef4-0ea0-4087-bce5-b685ff5e8757,0.2189,LOW
24fd3543-1005-4e33-8a44-45b4a4e6edac,0.1253,LOW
2831fac6-d8a7-482e-b467-343838e7973b,0.2073,LOW
2d9ffd14-1f61-4861-97e1-ff186aad6547,0.0715,LOW
2e1f7771-f3b8-478e-a227-9e0135523b18,0.0354,LOW
30d4ba7a-3457-4afe-b14b-7319f993dba8,0.2269,LOW
63de5754-1fd3-44b2-9326-46f4c393548e,0.0777,LOW
66f63703-3a7d-4272-a57b-633730540cbb,0.1064,LOW
6d58306b-c431-4e89-92ff-53d0c4b03dd3,0.0894,LOW
6daa5ebc-1c66-49ea-bb09-0ad5a2813cc6,0.066,LOW
703cf017-f38c-4c48-88d1-15a524abde41,0.1694,LOW
8003f2b7-6a9c-4b30-9c10-5c956f0c740d,0.2496,LOW
920d06fd-15f2-46c4-8371-14c6642c6aa6,0.0692,LOW
95f5f27c-4c51-48d4-bfdf-202918d5850c,0.0484,LOW
96214976-50e7-46b2-8aac-0d2aa2eb6b78,0.137,LOW
9624d042-b80d-464e-b698-2c486e315114,0.2918,LOW
99300c8c-08b1-44d4-b3bf-0a1ecdeaa408,0.0628,LOW
9af96276-c647-4a82-983c-3501223d2222,0.263,LOW
9dd1eedc-6129-476e-87b8-91adb51740ff,0.0959,LOW
a767de41-11b1-4954-942f-7aa3825c069e,0.0169,LOW
a78dcbda-b275-413d-943a-704bac862fd9,0.122,LOW
a824048f-0d7b-4984-8670-169aee590e7a,0.1731,LOW
a9d0416c-7aec-4e50-b362-4a97e03a00f8,0.1018,LOW
ab239926-8d76-4d5b-a3ef-02bd99bd7fe1,0.0548,LOW
ab6b579a-a55b-4776-9fc6-f82f3e9de9c1,0.2694,LOW
ab95cdb9-f586-49e9-b48f-399850a8f97a,0.1328,LOW
ad46ed23-8ca5-483c-b359-b589f3467d12,0.1286,LOW
ad68f0c2-29ce-46aa-ad91-34dd9db96067,0.16,LOW
b20c3e70-d26d-4da5-952c-eda838f78400,0.0576,LOW
b24ff222-eee5-4f54-8d0d-3307b73b8475,0.0709,LOW
b84251dc-49ec-4e24-9448-e0786efc2b65,0.0844,LOW
ba8081e5-7f18-4d41-9d52-8ecce741bf70,0.1859,LOW
be394069-9e15-4415-9bf8-5389cb1cc801,0.0781,LOW
be772e49-2ef5-4332-a265-c2cf4ce80b2e,0.1402,LOW
c0326d79-ee44-4796-ae38-556b19e2894f,0.1351,LOW
c0b14ba5-0710-43fd-b566-c5b78db9b381,0.1781,LOW
c1eeb5e4-d3e8-442f-8f89-b311ff1f53c3,0.2811,LOW
c1f15463-f278-4c80-8534-07fa11e81b87,0.098,LOW
c2030fad-9b00-477e-8b58-f4da15ec5c0c,0.1348,LOW
c244113d-0ded-429a-ade1-50b8a7d8765a,0.2652,LOW
c78c13be-7925-4ded-9a91-561fd96e8f91,0.1153,LOW
c7aca097-081a-44c4-ae02-6c5e5f914413,0.1348,LOW
c885525e-4b70-4ffc-8cdc-6c3196864ffb,0.0856,LOW
c8897445-4af4-4b52-ae53-3103734fd08d,0.0922,LOW
d41c47dc-dc6a-4ac6-80ff-2c0271a56c79,0.2018,LOW
d5b0b658-aa1d-4536-b7e7-74fb74920342,0.0257,LOW
da6ad201-6cc5-4cfb-962f-721a2bee4c53,0.0565,LOW
df7b06d7-2b0f-4c51-a158-32cf53e7743e,0.1145,LOW
dffafc68-c6bc-4a47-9c15-81fd21d99d50,0.1529,LOW
e88025f9-41d3-4141-b332-359da707cbe8,0.2093,LOW
f118e144-8acc-43cf-8ba0-86c445fc68be,0.1846,LOW
f5f8f3ca-6e0e-4ebb-96fa-caa3f0f07eac,0.1145,LOW
04e3ff80-2888-4f16-8de7-f9a87d7c246e,0.043,LOW
4269db21-aa07-4dbd-92ed-de3312247b84,0.1309,LOW
0b9ad488-f386-4791-b8c9-23b783717709,0.2537,LOW
49572a53-b21f-449a-a624-9935b9d231b8,0.0988,LOW
142718a3-3ec0-4657-bf0f-6e8ba87bae84,0.1341,LOW
65920aed-6177-4623-ab8b-53f9e5304334,0.1226,LOW
715f32e4-7a1b-4968-9038-6d13e6b1595c,0.0709,LOW
544ebee8-3976-408c-8c69-7ec5a09615ae,0.091,LOW
7794ba3e-9e4e-4409-ab1d-8471a70903bb,0.1345,LOW
77ba8f30-4c04-458f-bef3-202b7dfb10f9,0.2628,LOW
5553dee6-95b4-41c5-9507-14f9a5891b93,0.2208,LOW
9bf269e4-5052-4d48-aa8b-3425f4f26ed2,0.0808,LOW
a0e45f44-a0f4-4bca-af97-ddaea43abd5b,0.1028,LOW
a105b7c7-9e2d-45f0-afc7-766a7b19a037,0.0525,LOW
5a0f9c0d-5652-4fd8-88bc-758312849b25,0.071,LOW
b8d21086-9ccd-41bc-9a38-d61e187afe98,0.1342,LOW
5a845b05-4792-415c-a8a2-5daf4061a1f3,0.0531,LOW
c29bebd1-49e0-4d04-a531-1f5cef646307,0.0939,LOW
5ac78023-9ab7-41d0-b7cf-6474b8098f36,0.0641,LOW
5b724de0-f07b-4eec-9d76-26cb91cf98d8,0.097,LOW
d2efe641-9761-4ece-a1ba-a9e9f750c6ba,0.0683,LOW
db7f1472-e6b1-47f3-b7d3-f68981e03a97,0.0765,LOW
de4f6513-1ad5-4547-85b3-7d67bd3cd775,0.1194,LOW
e0c19430-edec-49b0-a7f5-1b91f88f84cd,0.1473,LOW
e333b7a1-26ab-4831-93e8-20c31022a2ad,0.2761,LOW
f409086c-7b74-4469-8076-3b63e7764e9e,0.1357,LOW
f9c9591e-70ba-4e7d-a190-0d7958a5f738,0.1327,LOW
1834dcc6-af7c-4eec-ac87-18c4a0973f9a,0.1177,LOW
5baf5207-ab70-4374-a091-a66afc97e534,0.2212,LOW
5bd8d080-f886-48c3-a037-0ebf4b993640,0.0568,LOW
2149fed0-9a97-412b-8683-0f52826e3842,0.017,LOW
5c5ee310-b710-4ea4-be6b-4a0c7e501917,0.1455,LOW
5ca11dfa-72d1-4def-b32a-d73105ebf3ee,0.0412,LOW
28a2988e-fe70-4500-ac4d-a02803254309,0.0836,LOW
28ef6fd3-7246-4194-8ebd-0bcc1e00f4ec,0.1803,LOW
2c2f4c5d-5af8-43e3-af04-410e656de39d,0.0913,LOW
1a9e0cab-c8a0-4f35-8469-adf7d6d7d223,0.0747,LOW
2a58aa97-3a46-4a03-ae9f-6864fed008d2,0.0655,LOW
30ca84f9-b3d7-457d-b9b3-8aea647bb41b,0.2143,LOW
36017064-ad7b-4a68-824b-fb3fea678027,0.1401,LOW
5f647d6b-7bb7-4ead-a433-7deaa24de76f,0.1321,LOW
5f3667f5-ac59-4c38-b281-e01b8e09eb93,0.0517,LOW
66bae385-ea88-4be5-a89f-ce16c8b4f85c,0.0997,LOW
6a12d961-4dee-4f40-803c-e0b08de3ab86,0.0562,LOW
6a3415f2-8b94-4f6c-9b3e-4a6defeded86,0.1168,LOW
7719c99a-4e74-4c2f-a193-cc2049c12909,0.029,LOW
472260e2-f26f-4419-91d0-b06facd07322,0.0737,LOW
8d517448-5f75-4829-ae51-d0ebd0f96926,0.2826,LOW
8fd1b9cf-f743-44aa-a00e-33c603f3046f,0.2651,LOW
8f930118-d1c4-4000-9eac-ae98076e640f,0.1219,LOW
94c7a6e9-75e0-4d4e-a15b-12c710c3b495,0.0186,LOW
5e8a49d6-f9ba-44e4-9cef-9608b1d36f92,0.2739,LOW
5e99ba1d-6a57-4809-8873-76d1ae67cb44,0.1261,LOW
5e9f88bb-29b8-4fd2-894d-fac9caf7e33f,0.0621,LOW
5eb8ef67-2dfa-40a6-bd93-dd03ed65b9f3,0.1306,LOW
a1cd13c0-496c-41f5-88dc-43e853468095,0.1671,LOW
5f505b22-58c1-4931-96da-d2d24619f3ff,0.184,LOW
5fc05046-0470-4a07-89b8-1b748d134221,0.0726,LOW
5fcba043-66f6-48b6-bd52-ff8e66790242,0.0694,LOW
5ff199c8-68da-465c-a247-3173a6f30fbb,0.1264,LOW
b0328849-6f70-429c-a033-4dc6d872c890,0.1518,LOW
b74fdde4-38b1-4ad9-9f2a-41ad0f5999b4,0.0822,LOW
c50d55c4-1319-4b95-a884-45109ce574a0,0.1825,LOW
c50f8df7-8014-43b9-aa88-ff6172d100eb,0.2551,LOW
c74e0827-bf54-4aa4-b630-1e83d6d441b7,0.1054,LOW
c752a5f1-875c-424d-90d1-073a37f4aa98,0.0727,LOW
ca76d28a-c3d4-4d32-b165-cd3115a8448e,0.0786,LOW
0df6ee5f-1304-4ffa-b3fe-f2b2ecb0304c,0.0938,LOW
cc1a07f3-3165-4483-bf65-dc0919579a5d,0.1108,LOW
d74ce152-8d74-479c-b198-1715e99d0aa7,0.0467,LOW
eeb7a54a-ca6f-4105-ba44-01f8f3a58f51,0.014,LOW
f5a1ead4-7c06-4ce9-8cdc-9cdda7bf0f62,0.2408,LOW
01237c70-691b-4c1c-a544-ad85ac7352b2,0.1123,LOW
0a5efe81-ce26-48cc-bda8-d2c4c1895a63,0.0827,LOW
0a81bb73-0144-4c74-8925-49f152282243,0.2226,LOW
0a8f0e86-0403-4b4f-8258-d4ae8a60ddc4,0.0967,LOW
01b9c0cc-3086-4752-8e99-4455451c76c3,0.2852,LOW
49821e1f-8cb7-47e6-b1f5-a17eb73b7aab,0.0557,LOW
03ac8854-8a77-4ecf-a30b-383c06a2fb36,0.0819,LOW
03c1c439-e65d-4369-8b6e-8684bfcc9775,0.2378,LOW
0409cb92-bfe1-4cd0-8115-a3fa4849e419,0.1693,LOW
042467e6-b1d4-42e5-92fd-c4f54457ded9,0.2902,LOW
04d8da23-27ba-40fa-8e9f-fccbe2bba049,0.033,LOW
0522e1b7-8154-4ac3-9505-446c5554e816,0.0435,LOW
052b9ea1-96a2-41b1-9ba9-cd47faaa02ba,0.0673,LOW
05df7949-cb9f-474a-8231-bb0506f748d2,0.1567,LOW
065728b0-304f-490b-ae01-b14fb2054b08,0.2353,LOW
06defe6a-ecc7-4e02-b4a2-3fbc7e97fbec,0.2132,LOW
073ae85a-ac3a-466d-b109-815352e54c59,0.1644,LOW
07405029-401a-47eb-b4e2-79243df5f67d,0.2023,LOW
07b36fa7-3f2f-4b9c-82d1-fa52b2e47547,0.0234,LOW
08ad2dc7-dd82-4c40-b23a-df2847bd394d,0.1206,LOW
08cffd65-6839-4e09-ad93-685247846a74,0.2351,LOW
4a2c88ca-0006-4c0c-8ea1-186e75778107,0.1525,LOW
097156a8-6135-4a7d-9720-2c462cee2188,0.1981,LOW
097bae7e-dfae-4215-9409-2ef95984dcaf,0.0777,LOW
0b2cccc5-425f-4842-81f4-df8e7b9b242c,0.0418,LOW
4a6de029-a054-4436-82a8-6c09f0cedd7d,0.0235,LOW
0d867ab2-97ee-4565-b564-41641e234c52,0.0849,LOW
0ddec369-8ac3-4505-8e51-e695bd1d6f96,0.2145,LOW
0e932bee-13ff-4db6-aac0-b182e9b22005,0.2733,LOW
1068bab2-e3c0-4f26-9cc9-e676e1caa2d8,0.1892,LOW
1071b59f-f24f-4ded-a4b6-90ed8830997f,0.2043,LOW
4a74d3fd-eed9-4590-950b-a6f40408a7bc,0.1337,LOW
10e594e4-e57f-412b-ab17-06cf6c24e61d,0.2552,LOW
1282baed-939a-475a-871e-b69bcf6fcaec,0.0176,LOW
12a0884d-ed2c-457e-9af7-b297ef42151a,0.1974,LOW
132a0f90-3985-431a-b22f-c20d3f5522fd,0.0491,LOW
13509e05-0549-49cc-8dcc-e903552910b9,0.235,LOW
147b8878-17ff-479b-8140-750bb4b4bacc,0.1327,LOW
14c4676b-5c22-4fab-b08c-baf4a1bdd537,0.1297,LOW
152a4abd-529c-4605-b694-5f0a201bd8e7,0.1046,LOW
159f90bc-8f02-437b-8ff1-7e3659433f8c,0.2426,LOW
161bb44f-567a-4b29-be18-9abd5758d761,0.1017,LOW
161dbc3b-a76e-4c11-934d-11df48ac9388,0.0965,LOW
16d4cdf9-44a8-4ad4-a352-d7fef3f579aa,0.1562,LOW
17117036-036a-44ca-bc90-b4d08549c830,0.1778,LOW
173aaf30-a9f1-4800-be8b-b8f781c35408,0.0288,LOW
1799d395-207f-41fb-90e8-20265c693c4b,0.2903,LOW
18c0fd59-f7f6-4c59-8b51-0b86756cbc3b,0.2189,LOW
18f92661-c502-4d34-96da-bcbd26a34171,0.0343,LOW
1a4b5d5b-ac63-4d35-9c0e-6993c8426c73,0.0482,LOW
1abb1d17-ec08-4d92-bc54-fda4082e67b7,0.1424,LOW
1ad055a9-063f-40f4-8289-a71841885a23,0.1743,LOW
1b0bf2bd-c8b6-46cc-9991-856a5a667904,0.1902,LOW
1b5e1080-038c-45a5-ac23-4530586e487a,0.1381,LOW
1b6158ee-8244-45e2-a307-4c71c766cbfe,0.1017,LOW
1b738924-a4bf-4936-a4bc-4b742adfdf1f,0.0797,LOW
1c76e216-997a-4233-849c-db012a8cb98e,0.0774,LOW
1c97b8d0-4936-4263-91d3-02fedd243eab,0.1861,LOW
1c9fa283-f618-415e-b8e2-5a3d85ccc38c,0.0464,LOW
1d13b5fc-b61d-4a4f-9fa0-8353c714373a,0.2033,LOW
1d72ed01-223d-490e-bb07-fb9d9310512f,0.2728,LOW
20f21048-9995-4e08-a5ed-da78e3d75075,0.0856,LOW
21ae211a-5ea6-4d78-b44f-4c3083d50efa,0.278,LOW
21ceb884-e200-4d01-b700-2c993ef05169,0.0638,LOW
22484fd5-55c8-4e47-890c-b68dfa8ed471,0.1399,LOW
247700bc-e493-4400-9d9c-7c346cdbd6e1,0.0762,LOW
24a08fee-a371-40ff-bcac-a5c6729beae7,0.1306,LOW
24c17a27-412a-4dfd-b712-a2458c8a9f9b,0.2757,LOW
24db7830-1af7-4f9d-a4c9-b3ac461d09b8,0.253,LOW
24dbcdb7-8c73-4f91-8014-6f0d629c90fb,0.1475,LOW
26982c72-1965-4c1e-a307-baf160e445b3,0.1008,LOW
2794ade9-bfd1-4438-98ad-a4fab88459a7,0.1585,LOW
280bd524-7688-4951-84ef-7a4a2d4b3642,0.1102,LOW
281733cd-4169-49ec-b880-a0aa74838fb9,0.0526,LOW
287e87da-4906-4f69-a933-ac61f555bf5b,0.0549,LOW
29ee97ab-d723-47d0-b037-68e60dfdf52a,0.1453,LOW
2a0bf64b-c33a-431a-9f2c-2b194737d6fe,0.187,LOW
2ae72e39-dc82-42d8-ba6c-354ceef2d683,0.1518,LOW
2c4d0a94-4a76-47f3-ba27-ae25691f2fcd,0.047,LOW
2d1cbefb-cdbd-4f78-a6d5-101c897ae696,0.2215,LOW
2f30dd06-6b26-450f-9092-de59f4a6a47c,0.1099,LOW
300c6c50-b96a-473f-aea1-67e5cf1b4c6f,0.0419,LOW
3132d085-1460-49c8-8fb3-b0cba4afeb41,0.1554,LOW
316eb679-3562-460c-97ef-3669b0d2ee06,0.0523,LOW
31f8b098-a261-4fff-911a-4f85ac6280fd,0.0701,LOW
4c09eff0-4278-4a53-b44f-828d66e24df2,0.0634,LOW
32704072-b06e-42fe-8221-72eb89748da4,0.099,LOW
32c410ab-dd8c-4f69-99bf-258776f8191a,0.0115,LOW
3315772f-6666-4a92-bc61-0b534a752344,0.2978,LOW
3471dd38-aca2-4b44-ae57-9047b9791c5f,0.0686,LOW
3564727f-2f42-4920-a2a8-2a45157838bd,0.0268,LOW
3665bd27-48a0-468c-b27e-b3ed1af816ee,0.2192,LOW
368e5356-2892-4f5f-8005-23356d1b93ba,0.0267,LOW
36941865-ff6f-4bf7-85d7-e8f10208efed,0.1268,LOW
36c0740c-2089-4545-9590-b075497915e0,0.0797,LOW
36fb9100-150d-474b-af4f-acbd675dcf1c,0.1694,LOW
3807dbb1-b180-4dae-b5d8-f2cfb91ea6a4,0.1293,LOW
38c5bcee-9561-44e7-a882-5de9f8e31b26,0.2268,LOW
3993ca79-a092-46c6-be80-9650c70bf538,0.0296,LOW
39e3d63b-ea48-4733-aaa6-54e169a523b4,0.2973,LOW
3a3a4cd5-dff7-42f6-9c1f-cc98bf5d832b,0.2902,LOW
3adbae57-e30e-4aa2-972a-6fabf641bdd1,0.0851,LOW
3add776a-1414-461f-8afc-052d959303f6,0.0722,LOW
4c553b02-9f0e-4a5d-96aa-096c98615cd2,0.0968,LOW
47c19531-95f8-47de-bb52-e3aab2a07684,0.1932,LOW
4cf9b249-fc09-44ab-8a15-1c35842eccf1,0.1783,LOW
506b7085-0859-4f9f-be26-12c7307d8c08,0.1049,LOW
54f6f58d-2669-4d2f-8399-0fbd9bb18e79,0.249,LOW
585f5f44-0b97-4602-af33-1488ccae579a,0.1953,LOW
5c9b67ad-6fbb-44fd-bf2b-67dd5159ccaf,0.1683,LOW
5d9343f3-86dc-4860-a01b-6dfa9eef6c8a,0.2063,LOW
5e2d4623-9b9d-49e4-8575-ecd1f9944aed,0.0752,LOW
5ea1bb51-a785-4505-a8a9-9d24b5bf4ea9,0.2711,LOW
5ecd445d-f999-4666-a1c9-1e83b4ab6415,0.1113,LOW
5f2a00b3-4493-4b3d-ae34-9035f698ba03,0.0407,LOW
60a10def-dcb1-4bdc-9165-a08730ba5410,0.0467,LOW
60e7fdf4-cab2-46d7-865c-53b7c6c6f88e,0.108,LOW
61999b60-b728-495f-83ab-fca5e06c47e3,0.2159,LOW
61adcb5d-a512-4858-9b7f-cac7a999fcf2,0.0531,LOW
61c18bb5-777e-4a4c-9723-37e9914b8e36,0.1667,LOW
61d5e028-82f0-4ed3-91e0-6bb7bd1366b5,0.0649,LOW
631ac7fc-aa70-4ea6-bb50-96b09ce75ada,0.2026,LOW
633b1515-c024-4300-b47d-ef8e558b275a,0.1317,LOW
634326a7-30ce-427c-b5d7-b621dff13e7d,0.1408,LOW
635521e5-2073-4467-8348-f170be5fe7be,0.1436,LOW
65613436-ad6b-4a45-a643-80edc4c50cba,0.1434,LOW
65d87878-6557-4fd6-a992-1f528846b4c9,0.2574,LOW
65ecdebb-2845-4c7b-8ffb-d8737048d1f5,0.1557,LOW
65ff6f6c-1c16-470f-a35c-b28336686f0f,0.2994,LOW
669974d6-6db2-495a-9e42-0d1536e1a50f,0.0858,LOW
66d0ca29-bcd3-42ab-9126-130f1ad56c00,0.2779,LOW
675fb9aa-d396-4184-ac08-3f3d4d1db3ba,0.1803,LOW
67981ff2-8de8-4936-9fb4-e4ed5329d03f,0.0883,LOW
67a82457-fa6a-4b08-b677-51bdf136667b,0.0386,LOW
67c1d6e0-126f-4bfd-aeb5-caeb6b0de3ab,0.2605,LOW
685a8901-253d-42ae-98ec-ef85ae8838aa,0.0743,LOW
6955d58d-b181-497b-8a76-879a18ec3591,0.1382,LOW
6992153c-c986-4749-aa6c-ff09765bbe75,0.0194,LOW
6ab4cbad-aa61-4ea3-b002-67f9bd718bb3,0.2372,LOW
6ad5a9ba-f531-4b13-b93d-3c020e436fad,0.095,LOW
6b86ed93-1015-4f74-b3e3-ce135fd7cc31,0.0538,LOW
6ba4242a-3b42-4247-b05c-8ccb23ed08e1,0.1508,LOW
6cbb9450-f130-4765-a028-f2e24e247410,0.1453,LOW
6cbfacb7-6b90-41d8-9d89-babdac00e8c1,0.166,LOW
6d4d3e84-08fd-42d4-b30f-b30607c3d3e4,0.1058,LOW
4d99311e-7b2e-4c3d-9d57-822059ef0e0d,0.1873,LOW
6f61f95b-8c20-4893-81b3-ce76ff4b34cb,0.1339,LOW
6f6359c2-d2ce-45a0-80ac-bce8f0b660bd,0.0841,LOW
6facbbcf-8925-4894-b298-d2167d872c7a,0.2058,LOW
708ee8e2-a083-4ee7-84ed-cb0ae0aa7185,0.072,LOW
70cff7df-bdb3-49eb-b4f5-d1c7507bd51a,0.1878,LOW
70df91d3-723b-4243-b6e2-9d2f3ea39bd0,0.0459,LOW
71102874-511d-478d-b229-0a22c51bedcd,0.1463,LOW
71898d2e-1ba4-41a8-8ee3-cc83882812f1,0.0607,LOW
71c15601-6ab6-455d-8e62-bd0b37fb7ae1,0.2121,LOW
71fa41c7-091f-4839-b502-736aae7c51fa,0.1006,LOW
728d8fb2-0366-4b48-ba01-ceb64bf20172,0.0544,LOW
72b03e17-f979-491d-b02a-ffa43b13360c,0.0496,LOW
735b6a6b-eb9c-40bb-b9e4-a4203d7fb271,0.0732,LOW
73794ecf-f5a6-43c0-9a60-be659e7e948f,0.0285,LOW
73a7cf4e-5aab-4530-9a9a-84f6d4531998,0.1058,LOW
740f398c-7b85-47fb-8a6c-fe7cce782e4f,0.1044,LOW
741eb3d0-885f-480b-9421-0d1dcf18f5d0,0.2113,LOW
74ab5875-3b8f-4919-b02f-ff8c109cace7,0.1101,LOW
74b8571f-d776-4914-8949-c439f8fe58ec,0.0897,LOW
74cd26d9-130c-46fc-a4d2-922e53697424,0.1653,LOW
75b6f7ee-8ce6-432d-9813-6394b484a25d,0.0327,LOW
767c4e26-6d6c-4738-9272-38e3a5c9a408,0.228,LOW
78e6a32c-5aac-47bc-a670-5eb8068ebe38,0.1444,LOW
7a61b7c0-5a17-417c-be62-357b7894d3a8,0.1032,LOW
7ad6d37d-c5e5-4919-82b7-51999e77bccb,0.019,LOW
7b31b1ca-6a74-4e85-8bdd-ed424d653963,0.1651,LOW
7b7ce360-ae24-416a-8ac2-ee1067cc8273,0.259,LOW
7c886581-eefb-44d4-9ea0-b0c0b20042ae,0.012,LOW
7cc8a0dc-213b-4528-8240-ee7a54a70506,0.0551,LOW
7cee8b40-ade5-473c-a536-1662e0ea5e37,0.2201,LOW
7f03d8a9-0165-4290-a260-0729161f8255,0.2699,LOW
7f7ea46f-572a-4741-8a8e-9e32b28e8574,0.0974,LOW
80a12be3-084b-4f1a-aa74-16e5b1b2bb9c,0.0585,LOW
4e2ac9cf-1347-4519-b757-1d3fe5d4e19b,0.0753,LOW
83ecbc95-b429-449b-a6c0-2213b06cc5f1,0.0577,LOW
84262444-21c6-43aa-b008-3c9a8d9552f5,0.0692,LOW
84923277-4525-40ea-bb36-bbebde921267,0.1817,LOW
84965c00-ab68-424a-820e-71c58659b179,0.2313,LOW
84a18fd4-2bd3-45eb-8032-1e9438f9c324,0.0594,LOW
8578bde8-f431-4c6e-ba4a-e585675b4efe,0.0538,LOW
85aa7eaf-5073-494d-9efd-33aa3cd7481c,0.0262,LOW
85d57140-02b7-4fc0-a209-a83d006cbf85,0.0518,LOW
86bb770b-bbf6-44ab-b7bf-d93ed745eea0,0.1202,LOW
871a6fbf-ef27-4b53-99e4-0dc5f770bbf9,0.0961,LOW
877f40b4-50d7-4ad7-bf09-b98eb8b12d6c,0.1362,LOW
884dffac-39f4-49f0-8b7d-5192872381c4,0.1218,LOW
894093fc-0e7d-4927-a0dd-1b2ea9d65ac4,0.1151,LOW
89573ba4-d6c6-4754-a7da-0e226423dde4,0.2377,LOW
898a7e2d-02b7-44ad-aae5-467b196a24d5,0.0197,LOW
8a4de0b7-024c-4f35-82a5-c89473b6df57,0.2138,LOW
8a52a4c6-2883-474e-944e-d5ccf64bc025,0.1084,LOW
8bb9a5ae-d1a9-4b67-8a7d-05b5ec9d1a65,0.0832,LOW
8bcd283f-5524-45f2-b546-b2d6b43a36d8,0.0809,LOW
8d416203-5aa5-4369-9139-e7c7615e6a2f,0.062,LOW
8d78346d-27f1-4ad8-96e9-8f52914d2460,0.1395,LOW
8d982a7b-2b82-4f17-80f9-fef6fb8cceeb,0.1103,LOW
8d9edb8a-b5c4-4071-9ab1-7a572df3e443,0.0098,LOW
8e9ffce0-3d4b-46a2-83a1-dc3593a025f0,0.2499,LOW
8ea6a259-eaaf-4abe-bff5-b9f25e5f90ca,0.1765,LOW
8ed6202f-dd14-4d1f-aa9c-09d2fd62474a,0.0275,LOW
8ef5a3cc-37b6-40da-bf3c-ac7df9ed5e8a,0.2909,LOW
8f06a6e4-0969-435e-9b7d-01c48ffd16d2,0.0239,LOW
8f16bced-fc2f-4e27-a40e-5d775c2dc76f,0.2005,LOW
8f37210e-fa73-49c5-a50e-8d2437533cf7,0.0745,LOW
8f3f0a7f-2068-45c5-a5d7-dbe1e5294472,0.0087,LOW
4f56ce20-95af-4a1a-bcf5-f2a25254de16,0.1659,LOW
90d9557b-2626-4bc6-81de-c268eb8d847e,0.0897,LOW
90e72146-4884-43fc-94fb-00807bd7136e,0.1407,LOW
934944c3-f515-403d-ad40-6fe54c98c445,0.0526,LOW
93ddb6d1-0f5f-4938-976e-75c8c5b610be,0.0505,LOW
94d147a1-c621-4bdf-a4ad-64268f49e73e,0.1174,LOW
9565c200-e7fe-40e2-95f0-b65ff1158d8d,0.1604,LOW
969f0ef6-6f9a-43d4-abd1-170ed62a2d2e,0.1118,LOW
96e59c28-def5-4585-8e41-ba5b400baf33,0.2115,LOW
97363edb-6d16-4e25-a00d-7de5d498ee96,0.1363,LOW
97f07a48-17e5-41d3-9c8a-7ba4aacc7eeb,0.2067,LOW
987c0047-1d2c-4a2a-952c-7d08cad14de2,0.1316,LOW
988520ef-2a76-480e-a4c9-857ffe1385fe,0.0677,LOW
99997011-c1c6-4db0-912a-25f1d9fa38ae,0.055,LOW
99a41a93-adeb-4c06-be22-bc937f90e769,0.1258,LOW
9a597c02-9c49-415b-b482-2255b96daecd,0.0286,LOW
9b2fd2fc-75b9-49c6-9749-482c0c350e54,0.1585,LOW
9ba9eda2-dbdb-4022-abe9-c326e5b7db78,0.2705,LOW
9c3afdc0-d658-45d7-88c4-109f6407cb31,0.0547,LOW
9c95a8bc-91fc-489b-b41a-79d74f8f5285,0.2198,LOW
9ca8c2ab-46d3-4f28-9cb8-b566602b4a5f,0.0671,LOW
9e107e53-abf2-43ba-bead-c96432fb2abe,0.1312,LOW
9eb1a484-7f8d-4d3a-8729-bbc03207d88a,0.076,LOW
9eb47d09-0637-46fe-bbfe-c452b871fa0d,0.1519,LOW
9ec23549-d97a-49ad-adf2-4c536beac691,0.0841,LOW
9ecd37da-80e8-4143-9172-7b8f566ab170,0.2757,LOW
9ed5cd2a-03be-435a-beb6-b93e183ad8f4,0.0661,LOW
9f76e5cf-959d-428d-a44a-45ee4d3b23d8,0.2722,LOW
a0a507b3-b45a-48d5-92ac-f5f0e023012a,0.0098,LOW
a173820f-0e27-4c15-ae09-f6dcec9fb9d6,0.1361,LOW
a1a98176-d0dd-40d8-883c-fd58eb483456,0.0619,LOW
a260c08d-c1a4-4181-b0ca-b4e0acc18f52,0.2058,LOW
4ffbf121-df17-45ef-a02a-6b829d85230f,0.0533,LOW
a29ffc30-1e56-487c-9942-0ad42cdd4b3b,0.134,LOW
a418c6ae-4cff-415b-b5cb-ba1385d378c8,0.0748,LOW
a65c524b-a65a-4893-b62b-c47e95ce14c9,0.1707,LOW
a66c8d2a-a735-4210-9a4f-f48bc7b06d64,0.0945,LOW
a7d1d189-3064-4ec6-a5f3-5204416cf3b0,0.1535,LOW
a87ce554-f9b9-43c0-97ef-da91c0c0cd4b,0.2522,LOW
a988220d-1159-4e38-ad82-d91c334e9c48,0.2058,LOW
aac738fc-3ad9-48d5-b266-1ed4b2e92823,0.1473,LOW
add718de-f5f1-41d8-9519-aa33fe2e8350,0.2843,LOW
ae2856c6-60ea-41c2-a3d0-e464bc0c52ca,0.0277,LOW
aecd5ac0-2781-4c3a-8971-3258ff028e53,0.0986,LOW
aed4cc70-cb69-4712-8653-b3f846bffa00,0.0305,LOW
aedda3f2-dad0-49e5-ad50-0232835c3ba5,0.2605,LOW
af01c6f8-4a7b-47f1-a0c3-d260082854c1,0.1133,LOW
af03c45b-61f0-4558-9f36-7fbab145c368,0.2467,LOW
af9c9a7c-433d-4733-b28a-72154c4147ed,0.135,LOW
afbbe33a-8e59-4084-9da8-4ec05cb9dc1b,0.1604,LOW
50a46c38-bc63-4b0b-916c-b97e46ade4e5,0.1108,LOW
b141acf2-9664-45f9-b8f5-4f5859964a05,0.1165,LOW
b15012a8-7e0c-41d7-8bc2-fc006eb514c6,0.2872,LOW
b33ca5ac-f91a-4516-a3f8-550abe584841,0.1721,LOW
b3982c1b-d0aa-423c-9a54-8d838760ba67,0.0465,LOW
50ea6135-47e4-4b8c-9e77-97237bf553dc,0.1039,LOW
b53b3e40-f118-4d6b-8813-f26176d5ad57,0.0924,LOW
b5b3f3e2-8e9e-4b0c-8466-0ebbf2bcfb6c,0.2864,LOW
b701d0d2-dbd9-40b0-a7c6-b7e72efd3984,0.1734,LOW
b74acca2-9625-4ccb-93ac-9e7b7a363fef,0.033,LOW
b9186071-a023-4d5d-b2c1-c1a4597f990e,0.1951,LOW
ba7066ba-6d28-4ebe-a81a-dfd26588d418,0.1385,LOW
baf93eae-2084-4fa0-9f9a-63e7d79a2c79,0.0384,LOW
bb1eb8d3-d21a-4e8b-aa85-529bdf59ba3e,0.1141,LOW
bc5abe00-6236-43b8-8ab8-75182d12ebdd,0.0542,LOW
bcb095a6-5ec1-4cc7-88d4-3356997e185a,0.231,LOW
567bf530-5733-4feb-be6b-7534df7bfa8a,0.1903,LOW
bd84a4bb-ca18-4513-9e2c-658a0d9de407,0.0353,LOW
c12aa653-4d29-45b2-9809-bf29bb346e5c,0.0901,LOW
c13369ce-b7b9-46fe-a3c2-d444c0e4d513,0.0704,LOW
c138cee2-f8d8-4879-a17a-408fcd472f7a,0.1898,LOW
c1b21508-7f24-4bc0-93fb-a030aa8e6bb5,0.1284,LOW
519d851a-9cc8-4865-bb57-d664a16eb18e,0.2118,LOW
c5c68305-8609-4c20-9d72-c97e93e49643,0.1372,LOW
c5eb938a-b3a5-4eaf-b2f7-e72848eb74d1,0.0775,LOW
c652e99b-1cea-4578-8536-b561c7b93ba8,0.1827,LOW
c71f66d3-d0b5-499f-8837-7d88d41db759,0.036,LOW
c819edf5-2d72-4862-82dd-aa591c7424b8,0.0779,LOW
c8ba6b51-fec1-4a2b-a01d-72a88cd1dcb7,0.0932,LOW
c9ea07de-041c-4c1b-bd01-dfe4542269d1,0.1126,LOW
ca85786c-29b8-4877-a4ba-fd6c74199bb2,0.0758,LOW
cb2155a9-01fe-47fb-80d5-ec8bf494f285,0.1301,LOW
cb8bcc37-bb80-4895-9d8f-c77d8e47788c,0.0267,LOW
cc5fc954-0a1d-47f7-89b0-d8241ad603a2,0.0422,LOW
cc879173-68fe-454c-a7bb-12cb82dab94b,0.0977,LOW
cca95064-12d1-42e1-b0cf-d7c42c8ebf30,0.0721,LOW
cce5d385-46c3-4f32-a71d-051c2e7c4477,0.0717,LOW
0114c9f1-83d2-44f3-8d84-8aabb628e237,0.0448,LOW
012a0849-db5a-47e8-83f1-3e5f959ba6c4,0.1366,LOW
523e3e19-cae1-4602-b8d5-e0f8627a39b4,0.1035,LOW
01d5b9b7-b36b-489a-b1b1-098cc96d65bc,0.1122,LOW
02f8f335-2a75-45a0-95f9-c7778b5de831,0.1851,LOW
030eed8b-1647-4530-8811-9023a7fedc12,0.1138,LOW
52bfa3b4-9589-493d-b321-3bc1b8ab2096,0.1827,LOW
0550227c-4142-4c21-bf78-e8540dbcb2ea,0.0069,LOW
05a6384b-c8df-43ce-aa40-7731306be104,0.1308,LOW
05ab13ab-bddd-4605-951e-0a66e0620df7,0.1651,LOW
0626c3c4-5083-45d3-b144-f5080a2c07b3,0.0949,LOW
0702ac44-3788-4948-b3e7-f5e08f56ce9c,0.1417,LOW
0b3b2061-fe49-4758-80c8-1cb2435bc13e,0.0729,LOW
0b475d2f-30f8-4472-9adc-a576668945ae,0.0641,LOW
0c85dd07-45b4-464c-9211-cd7167383f2b,0.2363,LOW
0cccf19a-5288-4b24-b0df-9936a5aca62f,0.1988,LOW
0d69fb62-f2ce-426e-ad84-86c860369dd3,0.1747,LOW
0dfed814-3e8a-4302-b0fa-e4247fb47d5b,0.1282,LOW
0edb2ff2-b643-4f79-8577-e24c9f2ad7b6,0.1806,LOW
0ee1e0e3-7954-4c8d-89a3-e80ff33006c3,0.0581,LOW
0fdf4295-e859-46fe-acdd-6955de42cbe5,0.0268,LOW
0feb1eb3-b8c7-4d6d-b82b-df1402989f67,0.0553,LOW
100f2447-b9e6-4d75-a27b-9a221a8a604b,0.0321,LOW
1051f628-8aa0-4fd8-96be-ecc72976974d,0.2833,LOW
111db4be-d8da-42be-bec2-a5fd0de89c69,0.0504,LOW
1121a002-82bf-4473-bf0d-991856ce8077,0.0589,LOW
11aa365d-1526-4b42-b920-a902cf5e1e1c,0.1775,LOW
11fcd2a2-b97e-47ba-a67d-f608908a4743,0.2905,LOW
12b085af-fc1e-4830-a22d-eb8af17e8080,0.0904,LOW
12c8f208-4dea-4f9e-9e68-e97a3b564ab4,0.1166,LOW
134f0102-ad5d-45f1-bbaa-f1b2de18e719,0.0504,LOW
13538796-3b51-4650-a0cc-0d816c7cd050,0.1182,LOW
149eaa57-0ebf-444b-975f-c145be2831f8,0.2138,LOW
15327208-0e32-487a-8204-e055c8b34add,0.1712,LOW
170d814a-6391-4768-bfb7-5aa4d8cde866,0.2662,LOW
17a1ef90-686f-4748-a49d-f6cfa7dfba74,0.1241,LOW
1825f206-c23a-4c9e-af8b-c6b3bb57f66d,0.1739,LOW
54578717-8c65-4c56-b35e-c9c333ac06bd,0.0897,LOW
18e5e26e-4e06-4de5-b6ef-ab7d6cedd924,0.1595,LOW
19431649-c9e9-4db8-a841-aff550282c57,0.1247,LOW
1975f132-7a6f-444d-8e6a-4302b2148bdc,0.0425,LOW
1a545a28-c4ee-42e8-b6db-5444b35f5ea0,0.1418,LOW
1aafdf52-94ec-44e9-8940-7b20d4f54f14,0.1507,LOW
1b694e13-f1da-4ea2-8935-02cff3ebeeba,0.0582,LOW
1bbfca8b-f301-4f0d-802d-073d18551dc5,0.0657,LOW
54d3fda1-bd00-4ff9-8612-1b8c2f4e9720,0.083,LOW
1c5374ce-f61d-40c0-beca-e0dd996be006,0.0758,LOW
1cacf20c-9ef8-4c3b-b8bf-3ed299d54cd9,0.1753,LOW
54d65dd9-4471-4a9f-9c13-e8f0f35a531e,0.0493,LOW
59beea7e-1455-49bd-bb6c-bd191a1cab90,0.1695,LOW
0a209163-6685-4e44-a87b-a79f45ed7ac3,0.0373,LOW
20dc42b4-b997-4c6c-a28b-b448081936af,0.1595,LOW
59f6679d-34a8-4213-99a7-f54dae8f08aa,0.1594,LOW
219d829b-e57c-4ebe-90bc-37198089235a,0.0994,LOW
21ee1104-5b4d-4cc6-947c-8ecabf14df02,0.0527,LOW
221faf12-0195-48da-ae5d-633ce94436c2,0.0197,LOW
225faf8e-6ce5-47b4-a8c6-33b78ca5aff9,0.2096,LOW
226d05ea-4425-4182-abf4-2d7ec20633b2,0.2501,LOW
22c43ada-62a7-471e-8766-7f6e33be0312,0.1054,LOW
5a0ae19a-57c1-4661-894f-240cbbc25bf1,0.1581,LOW
244f8ba4-b1c3-4443-a471-6568944ad8bd,0.0445,LOW
24c638cf-6b91-4a08-97d7-a86b9c43be16,0.1315,LOW
24cee57f-d62c-4d88-8c44-6bff64d898e8,0.0818,LOW
24cf8fb5-c74a-4cba-949e-19b6055a4cf9,0.1867,LOW
24fb418d-c70e-4d1f-a851-8b3451f3e631,0.2249,LOW
5a29c216-8b4a-448a-8b3e-36869357d7b6,0.0614,LOW
259346dc-0469-419e-972a-524f26688c04,0.1916,LOW
26399756-eb2c-4b6e-bc8e-db40b0efb09d,0.0348,LOW
5582f029-a287-46af-b552-ae6a1835ca94,0.1917,LOW
2767ed93-cdcc-4b29-bd85-99a93b2e9f77,0.0665,LOW
28ab1898-47c2-45df-9ec4-e9e7fe53597b,0.1446,LOW
29f08fbe-e597-4eb1-89bc-19f46a77bbf4,0.0786,LOW
2a0e3ea8-713e-40ac-8ae5-53f8928b1637,0.0137,LOW
2aa79272-4523-4c81-825b-0b7ab97988b5,0.0947,LOW
2c5181e6-e4d0-4741-a9e9-ed8bddb65bdb,0.2209,LOW
2d26af9e-d19a-4075-842e-077c264c0a3f,0.1025,LOW
2e7793f7-d2f0-47a1-b285-15a2624d5061,0.2337,LOW
2f165354-5333-488e-b101-98776c0f7c82,0.1558,LOW
2f778a5b-3d60-4699-a861-fc3b77da804f,0.115,LOW
2fcf5b1f-8f7c-4240-bb53-cc85471bb222,0.0631,LOW
2ffa294c-ea11-4304-a999-286092e5088d,0.1021,LOW
303c71be-fabd-4699-9009-65ba80b6316b,0.1463,LOW
305e6903-0ebd-439f-b5b9-1514a2eaa920,0.0399,LOW
30cef2ec-9cce-4d67-8796-ceabd9245308,0.253,LOW
31d8b54d-1940-4853-8b66-3da3ff5b3197,0.127,LOW
3258015a-f925-47a7-b933-c0067ce1e99d,0.0229,LOW
33644f01-660d-4792-8c66-abb55f13073b,0.1635,LOW
33a1740a-9591-4a9b-b8a1-303470d30030,0.2885,LOW
34a085f6-a4d6-40b9-b8dd-8c774b551fbf,0.0813,LOW
355665d6-eab0-4bc7-99f7-d01bb88f9d04,0.1368,LOW
359bb2ce-b910-4d8b-8098-fef99d14813f,0.1134,LOW
35a51a03-2974-4eee-b251-da8ead0e3020,0.2428,LOW
3650583c-e9ce-4461-87cc-fa8ae5ed8c2e,0.1755,LOW
371ebe76-790f-409b-8d1b-52a8054d715e,0.0116,LOW
37216cba-68d9-49dc-a99f-34e195e903cf,0.1131,LOW
37774ef1-3ca9-43e2-a053-6f1a55cd0f3c,0.1358,LOW
37b3aa2a-cc28-4cc2-80da-6417ce3a88ca,0.0328,LOW
37bae860-5cc9-4fbc-8fc4-2c48e1f7ecf5,0.0532,LOW
3828b661-63c7-47ce-98fd-6eb75c3f05d0,0.1696,LOW
38c9b099-547c-4107-99f2-464f001a3ac3,0.0783,LOW
39df2d45-15b4-4724-aa4e-5487f25df2b1,0.0478,LOW
3a8f4cb8-a08d-4e16-8050-4a837d064c00,0.2471,LOW
3ac7b43d-f4b6-4d00-a5a6-afca8f07fb94,0.201,LOW
3b60c047-1140-45aa-96b5-765dd1bca712,0.2011,LOW
3bdf1bf7-eaca-46d0-9f78-48bcd5d9264b,0.2125,LOW
3be0821f-a666-432e-9cac-c2e1e022b682,0.1639,LOW
3bf21961-31ef-4f4a-8f53-9059014ea993,0.242,LOW
3c2c0448-c195-4f35-a74c-432eff3afbf5,0.1818,LOW
3c62809f-60e3-4051-a591-601555c79371,0.1378,LOW
417d06be-8648-46fb-b707-a52a2a73fb03,0.109,LOW
46ca914b-5f98-4a68-aaf0-4a23ba52d3d1,0.1064,LOW
47af3ab9-783c-45a6-8116-5aedc30adba8,0.1014,LOW
4fec9646-133b-4eb5-a634-63c7f4da7d06,0.0319,LOW
5403fcd0-b801-45c7-9973-07a49fc33543,0.2986,LOW
5d51f0ec-6aed-44d2-8ce9-8c974776b07a,0.0983,LOW
5df2fb99-3d22-4e1f-b322-3bbe589b94d0,0.1215,LOW
5e5a5abb-6e83-4cbc-b3d6-b16f351a8623,0.0492,LOW
5f6b5279-45c5-405f-8b69-0e0166c3b4cc,0.0556,LOW
602a95ff-6c70-471e-95d4-47fe2b9c4513,0.2635,LOW
60b54ca1-39bf-48fe-931d-a7baebbaed76,0.1225,LOW
616f0e70-57ab-4176-99ec-b16f7d912979,0.0858,LOW
631ca242-5dc1-47a0-8d1c-ee6b4a9e2c43,0.1089,LOW
6338dd98-fa4e-44c7-94cf-23d68cc9c1a3,0.2247,LOW
634e3417-3356-405a-aa99-36301043f817,0.1101,LOW
64143e33-ef24-40fd-a4e2-9e0ee9bef203,0.1802,LOW
65179b80-024b-47c2-9d05-8cf2a2c8a9fd,0.1281,LOW
66447728-a665-4bb5-9334-9e49caede5ba,0.0601,LOW
667ce8f5-ad1c-4844-9ad0-7aae9b61d52a,0.1041,LOW
66cc54e0-8876-4412-bc1a-192ef938161e,0.0903,LOW
b4a23b9f-70c1-4f39-9c3f-a98006e556aa,0.0378,LOW
674ea6cc-6248-4e64-ae5d-ebaa8a70ee33,0.228,LOW
679ba211-32cc-4067-8035-7ec3b467c44a,0.1617,LOW
6815380b-c566-4768-8b4f-5a43e0e48ec7,0.042,LOW
6a3b35fa-7f13-4f4d-a753-b0475294fe64,0.1783,LOW
6aba0ac6-1b2d-4dfa-ae08-a0f8872729c0,0.1719,LOW
6ae38cfa-17a4-41d2-9b50-037f8af6fa64,0.1203,LOW
6aeffeb1-33a5-427f-8c3d-ceadaf1b33b3,0.1148,LOW
6b8807da-1b2c-4a3b-b707-33cc70db40fb,0.0579,LOW
6c02acb7-d581-4fa6-8b08-2756670fe75a,0.2174,LOW
6c07ff10-d86e-4fd6-97f2-a8ded57e0f50,0.1654,LOW
6d6ba051-a89b-48aa-ac05-249784a60ffa,0.0228,LOW
6e86ab28-061a-41bd-96bd-ed318143f427,0.071,LOW
6e9e6947-c9d2-4582-a230-97dbea4fd6cc,0.2022,LOW
6f2c2a11-5949-4600-aa9a-143f5fbb1ed6,0.042,LOW
6f6cb267-28cd-4361-844f-c2ae5e2b2877,0.0898,LOW
6f7e9d25-7363-4fec-af96-a2a8068ff8b9,0.1265,LOW
713f8584-2d88-4e39-a38b-03cd6f354d26,0.0657,LOW
71401e1b-f7e1-4b23-b7a7-55a8686a1a62,0.1251,LOW
72628d67-ebd7-4b97-b85c-8e0d9dc4c065,0.1686,LOW
727efef0-708f-4818-8102-2e49604a8bae,0.1084,LOW
7365b5c7-6bee-46f7-8616-bd864ec02cd3,0.1304,LOW
7400adc2-7c27-4399-be5c-cd6efd62a121,0.2843,LOW
748a6cba-3429-49f5-a20c-c175996e8354,0.1003,LOW
748b6150-95f9-4a70-9c31-166219020b0a,0.199,LOW
74c913b5-5081-46c5-bbc2-023f75ae072d,0.072,LOW
753fa208-d679-46e3-8e84-6aa03cdf517e,0.1888,LOW
759db63a-6743-4f81-9f18-ce78869d9dc4,0.2224,LOW
4c0d8f3a-986f-4380-81ac-7613c3c1401b,0.2709,LOW
776ba6b3-9165-4274-90fb-b1fa0aa0f2ed,0.0773,LOW
776ce8bc-d212-4f7e-b9fe-51526dd3ca91,0.0696,LOW
7797c66d-598d-4fe6-a54f-0163afca1bf7,0.2537,LOW
77d1872f-4012-4bed-aee3-889fb34266eb,0.1183,LOW
78087f6f-7e06-4511-9b3a-4331a89c8f5c,0.0875,LOW
781af1f5-0696-42fa-ab30-cd540e9fe86d,0.032,LOW
784edab4-4b53-447d-a3d8-6bbd17b45e6e,0.1195,LOW
78a106b1-83a0-4aec-b84f-e0cba40e7565,0.0466,LOW
794d652d-0900-4445-9fad-6be27695f66b,0.134,LOW
7970d614-efe4-48e6-8822-a66f7b50819f,0.0718,LOW
79de1fa9-5cc4-49c4-a440-400d1b3a3ab2,0.2533,LOW
79e81d28-3bb3-4ae3-8cb9-bbd2a07a0eaa,0.2435,LOW
7a4f3e35-0d96-4532-8092-1936f35e1576,0.0838,LOW
7af145b0-7497-4b79-a97e-fb85ba8d8047,0.146,LOW
7b73aa98-fff3-46d5-96ac-abb5b66fc43c,0.0578,LOW
7c7b4b0f-d511-467c-9acf-c5f42426ce78,0.1231,LOW
7cfec398-af49-4143-b731-00a46f8fe5d6,0.0722,LOW
7e4a1233-d3a7-4bd1-a507-64ae9dfd5bad,0.1634,LOW
7fdd787b-de47-4029-ad61-a625b126091c,0.2049,LOW
8084d5e8-db68-40d1-a47a-20dccbd8f78b,0.0782,LOW
810d7e66-8639-4a57-9712-e0c6c5b3a65f,0.2852,LOW
81a6bc8e-e9ab-4593-8d0c-81faf89c01e9,0.1114,LOW
81d66e39-62c0-4d66-bfe6-6878578f6fac,0.1092,LOW
82055b6f-5e89-48c7-b371-5101dd793d46,0.1352,LOW
833e5772-01eb-49d5-88a4-1ad30f5986b3,0.0789,LOW
8353c898-c61d-46c8-a9d0-779edf87f7e0,0.2076,LOW
83abac45-236e-4aa8-9912-eeb764cfd828,0.2793,LOW
847fb5ac-4b9d-477a-8930-8558e15637b7,0.1972,LOW
8482f2dc-8e8d-4b62-b8b4-b3e0b45b054a,0.1416,LOW
85ee6906-63ef-466b-b3c1-2b4a714dc562,0.1893,LOW
86c6e29a-5deb-4577-961b-3ee1aa1f98bb,0.125,LOW
877d4c61-f189-409c-be3a-43ddf994af1a,0.0918,LOW
87e3eb00-9170-4a59-baff-14f659f987f9,0.0755,LOW
8874f318-12d5-4019-a4e7-5ca037201386,0.0859,LOW
88c07cda-5d53-4fc3-8872-2de40b31f497,0.0803,LOW
88dd14bf-29df-451c-900d-c90a73b8f3a4,0.1031,LOW
898a3040-0c43-42d5-b435-76840e9c5090,0.139,LOW
89cd0bf2-1447-471c-8898-36bc77eec3bb,0.0213,LOW
8a73abd6-f1b9-4a2f-9576-65700a2b0e33,0.0388,LOW
8a83c643-fa2c-4477-8e9c-0b1f10f8ba85,0.081,LOW
8c84d20d-587f-48dd-9672-e1d54545d34b,0.1511,LOW
8c9b98e1-9151-4006-8713-b49652a8e5dd,0.1306,LOW
8cba1030-29b5-4f62-9a1d-c022542a150c,0.1957,LOW
8e5198c5-2e68-482a-b5ba-f31a843765c8,0.0428,LOW
8e52f25f-268f-49eb-85fd-15d94bd79bd3,0.0443,LOW
8f45a878-f013-482e-bb3f-a2090ad60a35,0.109,LOW
8f6453b5-5885-4127-925d-10e2d1223ec0,0.0322,LOW
8fd476be-65f0-4d63-a205-c19bfe1b364c,0.2992,LOW
91505895-7f30-4942-8438-8484691ab8f5,0.2135,LOW
91b2a56e-a54a-4651-b60e-560358212f1f,0.1899,LOW
91f15c89-3853-4f51-bf66-b5c6446eb2f6,0.2494,LOW
92203fed-1614-42a1-9378-2e4ae2347cb2,0.0938,LOW
931758c6-8436-4b6a-a22a-4afdbe1f8a72,0.0786,LOW
932459a3-c6b4-440f-827b-7bb8b1b214d2,0.0755,LOW
935b2767-cf54-419a-a48d-e22e7c7085b1,0.2646,LOW
935c279b-54ed-4576-89d6-1f0fa245794c,0.1295,LOW
937e04a3-3168-4c70-9dd0-132f1da43d94,0.1396,LOW
93f4de0e-ac67-494c-a39a-55fa1c1327d6,0.2973,LOW
94fbbaad-c252-4fe9-864f-08729da2614a,0.1334,LOW
9522a1b4-7d5f-4b6a-8596-ed56815d1157,0.2467,LOW
9587acf5-1fdb-4e43-9081-55fcc290e74f,0.0661,LOW
9661562e-fb78-4249-82bc-ff728110c0af,0.0818,LOW
9675a40b-37cf-42f9-bda0-dc80f8b588af,0.1702,LOW
9737b257-ee8b-4eb8-8bb7-70da5a70d472,0.0699,LOW
981dfee7-8937-477c-8915-ef94b90d464c,0.1468,LOW
98ba61d9-30a2-472a-a0a4-b3cde3f82b50,0.0178,LOW
98bca768-5d05-4a99-821c-61d2c85059d6,0.1574,LOW
98e660e1-cb4f-4848-bd39-4e3e08a20417,0.158,LOW
99022665-5daa-42b5-8510-90d420edccb5,0.051,LOW
9a56e083-6ff8-4c01-bb52-216b9b48e1f5,0.151,LOW
9a749073-05b7-4fc6-bf68-2a28363af61d,0.07,LOW
9ab5f420-a61f-49e5-8ba7-b8c3185dbd37,0.1939,LOW
9b98cf5f-f2c9-4bc3-8b9c-e42eef906c13,0.0958,LOW
9d3e9fb2-9387-4fe9-9015-36a4456ff0ef,0.1146,LOW
9db6c9a8-cc64-4b7d-840f-bed60fa27dbe,0.0785,LOW
9dfd85a0-2aac-4670-8ea2-75b701a85b66,0.2607,LOW
9e84f83f-d49d-4fe6-a45b-d0d5a8c7e3ed,0.0497,LOW
9fada8d6-9246-4572-a038-35a6799f86cc,0.0774,LOW
a024f6f4-7257-43b4-a89c-3cdd6f7879c5,0.05,LOW
a1b5a1d9-4c6f-4c27-b0b3-f5a0b9093991,0.0916,LOW
a20dbea6-ddc2-42a3-ba26-b6753c65f082,0.2054,LOW
a2aa6db5-565f-4329-b8f3-7d162ab2faef,0.0229,LOW
a2e15874-27db-461a-8da7-37792d58844b,0.0867,LOW
a35ee7f2-1e42-4a78-b383-acb2802db622,0.1948,LOW
a3645cdc-7303-49f2-aa26-5610dffac01c,0.2041,LOW
a3f99389-4b5c-4f17-b133-f1f67243b20b,0.1419,LOW
a41f4730-eff1-46ba-a184-bea24c902ff8,0.2974,LOW
a4419c13-8e43-40c0-9511-d7f203163912,0.1753,LOW
a5a7397a-c1fc-4c3b-9953-8951fe051524,0.1814,LOW
a5c340d7-1369-4e7f-b306-cbe21ff1578e,0.0929,LOW
a6eb3e5c-10df-4b3c-b7d7-a79f3f64b9f1,0.1682,LOW
a784e530-61c2-4c3e-91ab-25dd5289aebd,0.082,LOW
a7c9483d-aecc-4f1f-95d8-346426fc4e19,0.2756,LOW
a8066c98-4eaf-4f3b-85f7-eb7b72fca09c,0.1716,LOW
a82623ae-380e-4637-9e6b-f321058da36e,0.0807,LOW
a9ea9b47-c888-4543-8946-e3b9d7d81fac,0.2187,LOW
aaeeee83-408c-41d4-95b3-de1546e07b33,0.156,LOW
ab1ade71-9629-496e-afd8-c15df332fdcf,0.1046,LOW
ab5aa725-b195-4c90-b2a1-086acade659c,0.008,LOW
ab7e77c3-57cb-41a5-98ee-c0dd0a33d032,0.255,LOW
ac0510f7-6e2a-45bb-9b5f-494c438b0e3c,0.0985,LOW
ac0583ab-67d3-4902-a175-b00d611028bc,0.0335,LOW
ac84eb89-183e-4c72-ac6e-f4e65ce6b151,0.1251,LOW
acd48974-0a20-41ec-8e0b-553e0ec17f19,0.0123,LOW
ad0c6d20-dc9e-4234-9e71-d058407cb491,0.0391,LOW
ae18e80c-abc5-440d-8139-3aa9373faef2,0.207,LOW
ae62336a-72ff-488f-a938-80843129f75f,0.2954,LOW
aeb91db0-ef78-4eb4-bbff-400ab6a52965,0.0862,LOW
aed8db42-2fc8-4e8f-8b4a-01e855acea84,0.0144,LOW
af1eb54c-0eae-481c-b8cc-e0104a38363c,0.1264,LOW
af3520e9-099f-4c65-9fa4-1fe3db8d440a,0.0192,LOW
af3c371d-41f5-4fd6-ba0e-79b5f90627c2,0.0869,LOW
afeac6d2-e3ca-4885-b556-aade9b5b73fe,0.2997,LOW
b0b63135-2488-4f5f-bb6f-94d1b7f04836,0.1454,LOW
b1186e01-e89c-40ef-94f9-3b6f2f71405c,0.0323,LOW
b18242fb-b52f-41a8-84d9-ef2cbb8bd93f,0.1419,LOW
b20354bf-3de5-4070-8a8c-bfc39737bfaa,0.1766,LOW
b36344d8-17c7-40be-946b-d9ae6165b87e,0.2608,LOW
b37f583e-f282-410c-a498-1d1baf0c6cbe,0.2077,LOW
b4462d9b-4ebd-4891-a7b0-9837afce7b60,0.0409,LOW
b4902848-58fd-4063-9902-dd879e86724c,0.11,LOW
b4dc48a8-d114-4d65-bf9b-44823ebe91f6,0.1596,LOW
b612208c-f7fe-4fa2-afbb-a48ca725a7de,0.0936,LOW
b64433cb-389c-424e-b1b2-c733ce11d07e,0.1026,LOW
b6a8215c-6228-444e-a0ad-0fb048af4afe,0.1368,LOW
b76e6ff5-56b0-41ce-862e-f0efc0f87ca8,0.0969,LOW
b7b53ce6-9172-4044-8455-a5285f843128,0.1766,LOW
b7dbd045-5974-4baa-8a98-f99d78a9e49f,0.0429,LOW
ba47d09f-8c72-419b-800f-aade5ddc5111,0.1655,LOW
baf357b0-4560-4ade-8b71-3e8b012f300f,0.278,LOW
baf7cacc-83ec-4699-86ae-a9e4799e4285,0.1095,LOW
bc8f2013-e13f-4517-9169-a9f56c6f4f50,0.1355,LOW
bd335d33-d5c0-4e21-944b-d95c9911e616,0.0099,LOW
be2aece7-6b6d-465c-aba9-a4d24bd1bacc,0.102,LOW
be646797-5024-4d29-8e65-3dfc1e2ce9df,0.0149,LOW
beb063b5-5a70-4af1-bdee-a4fcc7f1417f,0.1674,LOW
bec983ca-98f3-40a5-83fa-aad74ee2d46a,0.1963,LOW
bece2de5-f79c-4568-9b03-9d19cc53e906,0.2837,LOW
bf7ad439-72a4-4166-afad-bc2e7e17ded2,0.0458,LOW
bf8921e6-834f-4acf-8444-e206c9fbce18,0.0579,LOW
c06f7815-9272-40b5-a954-dec0fdb37768,0.0898,LOW
c1cf7f27-956d-4dd4-a9b3-5a2267f30ba1,0.2136,LOW
c21be285-1367-4083-aa3a-8579312d8a96,0.0351,LOW
c21def18-1a7d-4ce4-9435-ad0a22347667,0.1234,LOW
c30f0d7e-8a96-4219-8c6a-a2f938ae396c,0.2414,LOW
c31dac88-1109-4582-86f8-e680c432ae72,0.2734,LOW
b50c69c8-9416-48b2-ad24-bc0faa977ec2,0.1174,LOW
c39369a5-4588-46aa-8299-79d1539c9db2,0.0919,LOW
c3b5c5c7-9358-4ea6-8f22-c881fa7a880c,0.0912,LOW
c3c8c7ad-00a6-4428-ba67-448f8e722eb1,0.1143,LOW
c3f303b5-735f-40a3-bc38-67851f492436,0.0955,LOW
c40ea3bc-2102-4d1b-a108-97f6ecd2f630,0.1578,LOW
c497070b-be62-4bba-a6fd-aa55a6ff5f65,0.0337,LOW
c4d0f443-d9aa-41cc-9940-a14767535e5b,0.0357,LOW
c54297c7-de08-4f4a-a1e3-f8d7204078a8,0.0833,LOW
c5f892e7-c360-48e4-bf8a-0638ed27cd3e,0.1997,LOW
c63112de-dc12-44b1-b91e-df82dbf7e091,0.0756,LOW
c6772c32-68b4-4946-99c0-457febe863a0,0.0739,LOW
c7003dc2-2c08-45cb-b7ea-ccf01ca37ca3,0.0908,LOW
c71d5c22-594b-42de-bc11-cf9b3723a4ae,0.0454,LOW
c72ffc2c-8071-4550-845c-03aa67f25d14,0.2718,LOW
c73167d0-65e2-4b43-971e-b098fee66621,0.2247,LOW
c7be8493-a1da-4214-9398-5a0c856311bf,0.1244,LOW
c9eccfb4-125a-4a3b-bfdc-815f2a929653,0.0462,LOW
c9f5b053-aefb-4225-8814-269094ca3ea8,0.0431,LOW
ca87a377-f3d1-45d8-89a9-b9efae036e2b,0.0723,LOW
cace6b0e-e3a4-4db9-9634-1a9322d1624c,0.2564,LOW
cad199d3-8d79-4561-b5ae-97b28781f842,0.1445,LOW
cb7896fa-cbb0-49ee-ba42-f57454dbbbe5,0.1077,LOW
cbc33b23-582e-4b9b-8670-fc414a04ccc6,0.0987,LOW
cbc4e378-4beb-4282-a15b-9a76ec288ab4,0.0249,LOW
cbd72ec1-28b1-48c4-aa75-72ecbb2e8d30,0.0146,LOW
cbf5c6fe-5511-4752-b370-cc791a067cc0,0.083,LOW
cc1d3403-e39a-4de3-ad1c-7910feb7a1fb,0.0108,LOW
cc601a9b-2f60-4388-b18e-441edcd638bc,0.2087,LOW
cc8d7930-4c3d-46b4-b21f-17766442bafa,0.2301,LOW
ccc8ab88-b44b-48d4-bc87-30e2f625bd0a,0.0822,LOW
cce4fe70-dbb7-4113-96f5-a69205c7007e,0.0813,LOW
cde56df1-b097-449b-810f-a7a64420b966,0.2667,LOW
ce9c2a1e-1983-4115-9cb1-9d6501104472,0.1869,LOW
ceb37a63-3c21-47db-a941-fcd905915bcf,0.0845,LOW
cfd0af6f-7814-4371-83dd-dda63b84aa84,0.0778,LOW
d0da73ed-f8c1-40a4-8fa7-64391aed8cd8,0.1003,LOW
d1534ff9-6cc7-49f4-a2ad-bd3d235d7869,0.1894,LOW
d1bdc754-fc2f-4c25-bd93-6481b3587234,0.2996,LOW
d2dddb79-c8b6-4f78-a7f4-8d5ce17c0387,0.0941,LOW
d3278a6b-9160-4165-9c1b-c1c7bd267231,0.1088,LOW
d4ddfe80-294c-473c-8d14-a4c2b148e9a6,0.1964,LOW
d513d4ae-c3cb-4ca0-ada9-d84d6c90b081,0.2901,LOW
d56e8b6b-407e-4f24-aee2-2d78b7cb58c3,0.194,LOW
d570a93b-63c4-4304-ae79-c01db5de9152,0.233,LOW
d590f354-d13a-4e2a-b365-72d0d0b8c5a1,0.0589,LOW
d5c36dd3-616d-4146-893d-d595c20bd09b,0.0279,LOW
d5ff4ec9-72bb-4c3d-b0b8-34a652759d4d,0.0918,LOW
d60ad81b-6d8a-4100-84a7-6561eb7bf68b,0.2728,LOW
d71fe981-148e-481f-b4fe-3ea8d6aee04e,0.2993,LOW
d7513ade-ce5d-409b-9300-b02283c9c4e5,0.2669,LOW
d75548c3-2249-4ba0-b58b-0a229f03f6fe,0.2822,LOW
d76e2848-6e4d-4682-80df-cfa5b0f40e23,0.2407,LOW
d854348a-dafb-47bf-bba5-b55895ff5f94,0.0577,LOW
d92d8abf-f80b-4f61-a710-c30c11af0f14,0.0614,LOW
d983a7b5-de9b-4d17-9bc8-7f3f6481a6f6,0.0498,LOW
da24e333-80d7-4b60-85df-01572c0c2e9a,0.1064,LOW
c0de7837-5723-46af-84a6-0f2f39940d79,0.1455,LOW
db76b360-590a-4c60-a986-8414f2e477fc,0.0459,LOW
dbafa30e-2b9a-427f-9938-b66e5769e3e0,0.0213,LOW
dbe78a5c-0ca1-4977-acde-03031e33b28b,0.17,LOW
ddfd2357-931b-4d9b-95ad-4543cde7ca47,0.1373,LOW
de121ede-2883-42cc-a53b-d383ef30ceeb,0.1675,LOW
dedf3be6-6048-4dc7-aa4b-5b65a6a94b4f,0.1978,LOW
e00cd2cd-ba27-4e3d-89cc-d9d59a2be001,0.1842,LOW
e0776e9e-5a60-4af3-a464-138871c673d1,0.1884,LOW
e0b9225e-e6d3-4c89-860e-16c3bcd91ebe,0.1723,LOW
e0e38034-fabb-47a5-a2ce-55201ad576b6,0.1337,LOW
e0f1fc3c-2fdc-4edb-a59c-a5d2a9f8ad7f,0.2778,LOW
e16f0c73-406a-4ed4-8e7b-3d670d6593d0,0.0407,LOW
e1be9139-f760-4ced-b989-07bef13ee8d7,0.2152,LOW
e21fab8a-cf01-4034-bc3c-11125f851ad5,0.2717,LOW
e24f0b0c-cf6f-487d-a9c5-e92edd72c7ce,0.02,LOW
e3f2fe40-a97a-4bec-b737-227ab5c91aca,0.2995,LOW
e492c75e-dc22-4f64-bc02-f15156c3eb9f,0.0548,LOW
e4b118e6-29fe-4c53-8762-d18e2fed283a,0.2425,LOW
e4b52df4-ac0d-46ba-b17b-4e662f0ca551,0.0149,LOW
e70ff122-6e04-4e0d-bced-4d85f79b964f,0.0663,LOW
e83d7b99-70e2-4da8-a84c-56c611c3fbd6,0.2665,LOW
e8443779-5c03-4af1-856f-309320a1c487,0.1874,LOW
e9cd63ec-ba66-433b-8039-c4c55ac2eeb8,0.076,LOW
e9dcb708-54b4-4463-a21a-8d74c82f42f3,0.0947,LOW
eaf8612f-ec8c-4a7c-b07c-2f91f36f3696,0.052,LOW
eafe6595-c20d-4f5f-b204-ae23074a3463,0.1535,LOW
eba0e6b9-bad0-475a-906e-297e630164d3,0.0811,LOW
ebaea219-2ef6-4aa2-92fe-bdff2b9a427d,0.2758,LOW
edfa0b09-3195-48e4-8141-01c7e29ee3de,0.1362,LOW
eee5688a-c8d9-47c7-9f68-0989b60c7341,0.1103,LOW
ef1720a3-3bf1-461e-b2b0-6503bb1bdf9a,0.282,LOW
ef24c11b-32c4-4529-a9dd-6909202118d7,0.1855,LOW
f023a865-e311-47b6-a6c8-04e1b224eb96,0.0549,LOW
f07625d1-c5aa-461f-a766-0f2f9758f18c,0.0296,LOW
f0bf9e78-2b40-46ba-8b7d-41c5a34ce5d6,0.2496,LOW
f166701c-1077-4395-9c0a-2590d61ef3b8,0.1335,LOW
f1e82748-2487-45f4-a70f-f982e713da38,0.0809,LOW
f203e760-73b8-4bf3-bfc3-49e61d055fa1,0.0706,LOW
f2360614-3103-4b0b-af8e-2cc1de719d60,0.2168,LOW
f2bc671d-08d2-4035-abfe-98512eb81435,0.0523,LOW
f36ccfe1-e61c-4faa-9d4f-065af460c548,0.1889,LOW
f3e2b0a1-c524-4be3-826b-7bcf3b37e968,0.1076,LOW
f41898ea-c2ad-45a6-9610-f19b7cbfca83,0.1687,LOW
f428ca6d-d576-48b5-bb95-93bb10c1a097,0.0828,LOW
f44e2299-6bbc-4357-bef2-34401b8c2a67,0.1241,LOW
f53698f5-024a-4364-a070-f7e9bca0baea,0.0068,LOW
f53b6d3a-ae4e-4f05-9a6e-f4b6fe48898b,0.1623,LOW
f5adfe54-ef84-4c58-8293-ebce0dfb20b0,0.0502,LOW
f6495d46-6765-40a2-94c3-ccca1610c562,0.2215,LOW
f71169c2-030d-4bd3-a25b-30b8d483d6b1,0.137,LOW
f7551728-0487-48fc-846d-5e52b72c9289,0.1785,LOW
f79e50d4-ed65-453e-bfbb-e42f9bc79039,0.0559,LOW
f855989d-8e2b-4f3d-8555-3982998e9782,0.0108,LOW
f86fd8b1-9a92-483c-8a5c-528b330d6809,0.1138,LOW
f9330092-3e0f-4216-bf7a-6449317c3bb9,0.1949,LOW
f9515d2b-68ff-4ad4-81f5-510ee4b92256,0.2237,LOW
f9fc70dc-8ade-409a-b801-5ae43d399fb6,0.039,LOW
f9ffaa54-f373-4d86-9e39-a4d88a5cce8f,0.1465,LOW
fe368dc5-aef9-426d-b234-0d5509850a96,0.224,LOW
fea197df-9191-4c8d-9f1d-817650d510c5,0.165,LOW
feb55b22-7c1b-45bc-b8da-fa2067a814d5,0.0154,LOW
ff64f926-b72a-4f6f-9686-410c2e4d9d1a,0.0468,LOW
852d6878-2c6a-4a31-b816-c303fe60efe9,0.1018,LOW
8548619a-658a-40f7-89f8-d6914f37372b,0.0313,LOW
85cbfbf7-4704-49f3-91d7-261f7aa3c100,0.1174,LOW
86e71a8c-825b-4322-bdb9-685777b24dfc,0.187,LOW
86f39d60-fa9c-48fd-8d4d-a0f7baef70ab,0.1664,LOW
8736ef07-22f2-4405-820a-506065cfffd3,0.1873,LOW
87471af1-be8a-4818-ab40-f3b0e985c018,0.0964,LOW
87da8408-646f-4b3c-961c-29f2028405b2,0.2941,LOW
8807fa4b-8532-4080-880c-14f44b9784ef,0.1957,LOW
88331d11-a408-4ae0-a18d-2d8264bd7351,0.2348,LOW
88673e3d-4880-4ad8-ac93-15f6200779cf,0.1671,LOW
88dd36d2-be2b-4b17-b746-752cb0fe5b51,0.2842,LOW
89191ff3-3d67-4d3b-86f0-2b4f64745d56,0.2201,LOW
897f0f2f-19d2-4803-8efb-8ba5ead974b7,0.0582,LOW
8a3536b8-21b2-4d4a-becf-7e3c519f5bdc,0.0601,LOW
8ac50b94-eb37-4a3e-abda-20b03fb808e6,0.0699,LOW
8b2cb973-9c39-464e-92f9-56182bf8d939,0.0793,LOW
8bfa1d10-a8aa-48ef-b553-1955f165d840,0.1062,LOW
8c012c12-7a56-4082-844d-f04a5317e791,0.0135,LOW
8cb176c8-da86-4b1e-b8b6-df2a295068b1,0.1265,LOW
8db4f650-1d5b-4d33-8add-6b2bb0b86675,0.2772,LOW
8db7d91e-a45f-468f-8edb-893dc7b3dae5,0.1483,LOW
8dcfb004-ef7a-47b6-aeea-84f309b51227,0.251,LOW
8f5e7e2b-ac04-47e5-a2a5-5e8a8d4118a1,0.266,LOW
8f961458-87b0-4926-8d2e-551cfda650e1,0.0388,LOW
8fa57c3a-b5c6-4811-b3b4-3b77c88c50e1,0.1461,LOW
8fd7f79f-11d0-4cb3-83c6-9ec0cf3d1aae,0.0573,LOW
8ff052a2-733a-4cce-bb19-acc3236fb99f,0.2164,LOW
90054a1a-7922-4165-8cfb-26234bc9f9fc,0.0418,LOW
901b3356-bbdc-4a4d-91a3-38d51df1f18f,0.252,LOW
902d6804-76cb-46c9-ae24-040437786eec,0.0477,LOW
90c22c3b-95b3-4494-9c92-a901130783d3,0.0444,LOW
91094b25-db8c-466f-b637-5fa05f435a8e,0.1064,LOW
91774f5b-feec-4122-9141-18402737dccc,0.1584,LOW
92131495-ea1e-482e-9725-c3bed653e854,0.134,LOW
9289ff70-85c6-43b2-bb82-86bcdacea43b,0.0506,LOW
92b0d3bf-aba5-4e22-9a59-d10840e0e944,0.087,LOW
93b6db39-25eb-4d20-b2d3-073d8d67d9e2,0.2056,LOW
93dc3e6d-dc0e-455a-95fb-7fb1ccb12090,0.128,LOW
940650ab-5563-426c-bf1e-baea0e660475,0.1824,LOW
944fd13d-8091-4fe8-95f9-50142420e228,0.1666,LOW
94884d8f-3485-413b-9435-dbc9b0f2cf2e,0.2748,LOW
94e3d1a0-b10a-4a5a-8972-2aeb57cf02f4,0.1165,LOW
94f3d2d1-525e-4aca-a80f-ae7085eb10cf,0.0834,LOW
9555a59d-dea6-4b43-979f-3ba302e6b603,0.0124,LOW
95a66df1-3712-4744-97da-eb63245205d3,0.2086,LOW
95a90159-59dc-486f-9123-dcc4559f4b37,0.0329,LOW
95e323a4-d63e-4a8a-9981-43d1ef66f30d,0.166,LOW
960fb875-f67d-44af-9c23-61270a84afe4,0.1901,LOW
969a5aac-ad02-4454-b14a-34ae70fad823,0.0752,LOW
96bd3cf5-06bb-499f-ab09-2494c796efa6,0.0619,LOW
97e0cfd8-e2a8-4562-9b9e-a6fbd059d6ab,0.2142,LOW
9974217e-07de-48b0-ba0f-043feb5c605d,0.1655,LOW
9a7aafdd-888b-4e40-a9cd-2d4970c135a2,0.0333,LOW
9b12d2a9-bfe6-49c1-97c1-77f5ec9d57fb,0.0843,LOW
9c8fb815-98a5-4930-bae2-277bb89b3448,0.0308,LOW
9d41e7ce-4c5f-43a4-9d62-d2d2dc5adca1,0.2246,LOW
9e1677db-99ea-4d79-9e23-eb65d94ce648,0.2086,LOW
9f2155d9-6343-45e6-b194-3b8dffd474ec,0.1314,LOW
9f24cbc5-76c5-4730-9023-d4abb5b8805b,0.0938,LOW
9f6fbe18-b93e-43ee-a92e-a43ad7ae61e5,0.293,LOW
9fa9ebb2-6893-4604-8bb3-7e02ec2a2598,0.096,LOW
9fb00078-40cd-4870-ab5d-88e99dd630d9,0.024,LOW
a0cc6208-f406-47b4-a569-e73b355a2957,0.0972,LOW
a10a9685-62f5-4049-8065-34c7e6b9082d,0.0831,LOW
a10b4b01-d552-47b0-a2a6-91a41c0632eb,0.0893,LOW
a140cd24-e399-49e3-a920-a1c2e4f6232e,0.1609,LOW
a171c9d5-cbd2-4198-b34d-7f7644158c2b,0.1675,LOW
a199ffdd-664f-4cb4-be88-1427378d2257,0.0312,LOW
a1d5cd62-12f5-4409-b3b8-b904453e3264,0.0676,LOW
a238a84a-d56f-47d8-9d7e-2d560275b177,0.1084,LOW
a29d5a26-f5fd-4473-a1e6-ae376353ce2b,0.2378,LOW
a2b23161-d13b-44f5-834c-05ca07bfe212,0.2749,LOW
a36eba4b-05d1-4ca1-8906-86d0bb36e916,0.0708,LOW
a46dccb2-12bb-4868-a61b-a28a9b05deb5,0.0972,LOW
a63e220a-2079-4c04-82d3-e44317ebf34d,0.0442,LOW
a6ffff69-3680-437c-844d-c3e893effd79,0.1901,LOW
a71fd5da-5321-43ef-a720-e42a41a051e9,0.1647,LOW
a75e1fea-e2b7-42ad-845f-c36ea4e168f6,0.1166,LOW
a7c9e500-1ee0-485d-9347-2280258ecd69,0.0112,LOW
a8286dc0-9cc3-4c65-8552-fa5eafaed27d,0.0929,LOW
aab62816-0544-433a-8b84-fb4b3f07bc73,0.2622,LOW
abaf4cbe-b6c2-4366-9000-08843c4b610b,0.128,LOW
ad304d1c-407f-49e5-8eef-2f8744298222,0.0158,LOW
adcdca81-4b17-4af1-b1d4-00e5d30197bb,0.0783,LOW
aea0bb2f-9bb7-45ab-9cfb-b0719007956a,0.1495,LOW
af0dc9b4-59c2-452a-8ab9-63ffcd429c9d,0.059,LOW
affc18ea-17d4-433b-a991-9011325c3f30,0.1568,LOW
b0752b7e-870d-4026-95ce-9027faf19668,0.2989,LOW
b0c6feb7-0c29-4938-9a56-e052580efa85,0.13,LOW
b0dc6b30-fb4a-45b6-8678-fa30af0de757,0.1739,LOW
b1345384-a4e3-4b52-bcde-71b06752e528,0.0118,LOW
b29104d6-bca0-491b-a98f-a357f08b783c,0.1613,LOW
b2a0acb4-e224-4bda-ac00-a4f6dba8ef29,0.0279,LOW
b33a399d-fa35-47d2-baf0-ff24e47ae208,0.2677,LOW
b341f89c-5359-4a9f-aaa2-eede81afe7c5,0.0646,LOW
b3e9e0a1-eef2-4145-a6f1-078922b5a383,0.2564,LOW
b523caab-9e15-45cb-b691-43bcd673dd01,0.1591,LOW
b5c42fa4-0bdc-4617-8225-cb40b87b743d,0.181,LOW
b5f1ffab-47df-47f2-b38d-78ab532bf21c,0.216,LOW
b61fbed9-6ddd-497c-8159-636e80832b99,0.1707,LOW
b71fdbb0-852d-48ac-9543-cc6cae1d4e8b,0.1549,LOW
b7901d8c-0841-4151-8785-eddae4188caa,0.1368,LOW
b89171a0-2625-4c6c-974f-87a6beea963a,0.1487,LOW
b9684396-f12f-4d09-b03e-06bf8b389983,0.2685,LOW
ba5241fb-eb10-468a-9324-3845a9145c91,0.1163,LOW
bb16b89e-980c-4871-b9b6-bee271cb59ee,0.0297,LOW
bb1849be-5c13-4dfe-9630-b0775bffe3ee,0.211,LOW
bb98312a-1ce7-4249-b41b-1fd10976bdfd,0.0909,LOW
bc020c24-7373-424c-a83e-c6eaa0f2b50a,0.1425,LOW
bc3cdb14-f939-40c4-9b41-ff910f89a264,0.1177,LOW
bea5a2cf-67e2-4d92-bccc-7295c954d6ea,0.2464,LOW
bf160445-ada9-4344-be8c-e45ed56fe11b,0.2798,LOW
bf1a8d74-d49e-44e7-b126-6a80c20e1c1b,0.1122,LOW
bfd2ead9-eb24-44ea-a5f9-d5654fa2936a,0.1021,LOW
c0d98c4f-84d2-46f2-9a5f-71cd218328d3,0.0753,LOW
c1e1da30-59be-4458-a950-572a91c16311,0.0268,LOW
c1f984a8-7b9f-41b5-8782-7ad9174b9102,0.205,LOW
c335fbd3-5b6d-454e-87db-23ce4bbe2daf,0.0655,LOW
c35586f0-2135-447c-880a-c984679425cf,0.082,LOW
c3728a06-f323-4e9f-87fe-874b0078fba7,0.0957,LOW
c5188346-6642-4f7e-8863-946a6c5666e0,0.0141,LOW
c5487eba-d5cc-4dd9-94fd-5dc86e603cc6,0.0423,LOW
c6738f21-6d85-4dbd-8733-1fd01d65fe10,0.0706,LOW
c6ec40ce-aa2a-4b9a-8ac7-dd16faf8acd3,0.163,LOW
c7ab3d30-a9fd-4ff5-8655-b36e6f774ba8,0.0477,LOW
c809b7c0-b92c-461f-926a-7848b5857da9,0.1789,LOW
c80ca5c9-f3f3-4354-8547-03cae4f2ecbc,0.2506,LOW
ca924793-0dad-4bed-a658-e09281ee2e43,0.1224,LOW
cb0715ef-a9dc-4639-bac6-32e0fa5cbd0e,0.103,LOW
cb25604d-fa7c-49fd-9942-fc7b704ccbbd,0.1071,LOW
cb298c55-91b0-47df-9828-247eeeb26a5d,0.0153,LOW
cc17ad5d-ecfc-4c63-9494-8ffa7f9e2e99,0.0566,LOW
cc4271aa-d993-4fe3-b94e-cc270d3ee766,0.1147,LOW
cc72b7ca-5633-4b27-a88f-1c66847cf78a,0.2991,LOW
cc82d5de-5d92-4cc8-a737-d87eed9678b0,0.2381,LOW
cc8cbe65-d1ad-4618-ba8e-a7f69597be99,0.0563,LOW
cec60072-8f55-4ca8-8075-670559c3b2f6,0.2256,LOW
cecd5f6c-657b-40d9-9eee-2e806244f648,0.2333,LOW
cf68051d-8f4c-4192-b375-830c79c4b379,0.1008,LOW
cf931aee-ee7b-4a50-a351-b589067d8ab0,0.1828,LOW
d289b9ca-3eb0-4ff4-bdc3-f1e7ee16fede,0.022,LOW
d295f4b2-51b5-4bc1-bf90-4f771c0a840d,0.0658,LOW
d29bcecb-793c-48e1-80ce-17e45b0db1f7,0.0883,LOW
d31d9cfb-61e3-408e-85b8-ea09a05b7ef1,0.1629,LOW
d32b0f68-c8f3-429f-a2b2-3712c82cd59a,0.1898,LOW
d330cf0c-4a22-461d-9640-1ff8f47b7096,0.0714,LOW
d33a7e0c-0e2c-4b42-ad07-e30b9cd31382,0.2865,LOW
d34f7752-ee27-4c60-8f8a-42982e38802a,0.0721,LOW
d3f3deb3-ba76-4c58-ba89-805efce90988,0.061,LOW
d44c4c64-fedc-4f61-9d17-fa0559078acc,0.106,LOW
d46153e4-081a-4727-906a-b617c02b29c7,0.1334,LOW
d4754d58-222b-4db9-822e-5b9a22d87bbd,0.2122,LOW
d5bc6a93-e7cf-4dbf-b433-c658f7b4b851,0.0799,LOW
d6476de8-2160-4287-a9ce-02b6770cb52d,0.1581,LOW
d6718d06-bca5-47a8-a121-923f9069de8b,0.0606,LOW
d81eb0ec-8d5c-40a6-a5eb-4fcd49640255,0.0619,LOW
d8d59673-19ab-43f7-a3ca-cd754183f366,0.1281,LOW
d91e381b-31ab-4134-9052-b3fc489fc5e2,0.1438,LOW
d96faafe-b29d-4435-8a63-550c4551c159,0.1669,LOW
d9890cfd-f4c9-46a3-b715-6926419c9f12,0.0631,LOW
da69accb-debf-42d7-a50d-9c36e76bab78,0.0687,LOW
da9b5254-c5dd-4484-aedd-90d89eeedd3d,0.0492,LOW
dc0d530c-1461-4a58-8eff-0065aec492c0,0.0502,LOW
dca26216-bb01-40b5-9abc-823db86159b3,0.2685,LOW
dd636606-9f60-49cc-89b4-c9b92cbed0b6,0.0863,LOW
dd8f0a80-ec83-4830-a314-4f410f6f8506,0.1352,LOW
104acecf-828d-49f8-863a-2a6f57e78901,0.1094,LOW
117cba1f-5237-4575-b6e6-0d40fdfdbc3a,0.1191,LOW
16e9630a-eba6-4e93-9bac-262d6c3060c1,0.0701,LOW
de3b0f40-6f46-4bf0-b7ae-2056aedfb6a7,0.0518,LOW
df46ce64-cdcf-45a1-a765-b7df4c71f4a2,0.1256,LOW
1d7e68a6-127c-4b7a-afeb-ff1b63ef8037,0.0149,LOW
1d92adb5-adae-448e-9d2d-5f2f8af75f97,0.2667,LOW
dfd4fbd2-9bb7-41b6-9b42-b0713ba3d343,0.1752,LOW
e0bff152-0c60-4d5d-84c9-198070f28d22,0.1213,LOW
e165285f-4e37-40b2-a6ab-f4498d87ceda,0.1254,LOW
e17b480a-4deb-4129-bd94-14f1d29426aa,0.2183,LOW
e1f048b3-d52f-43f5-9d6c-05a72face2a5,0.059,LOW
e23db70f-8821-4494-92ca-17bc145231b8,0.0714,LOW
6b97cf93-83d3-4fe7-9e69-0fbb28ba3652,0.0109,LOW
1de7e9be-e5ed-4f32-9242-44b4ff318100,0.0737,LOW
e269313f-b05b-4d4c-b0cb-79174e3d417e,0.128,LOW
e2b67343-b9ed-4c17-8336-ab724bc893ad,0.0811,LOW
e2eac81e-dc68-4604-b56a-8845d818a8fd,0.0943,LOW
e303c8a7-1850-42ff-90f7-ec66934b5c2c,0.1039,LOW
e38cd765-9c50-4018-9735-591fb6b84b75,0.2372,LOW
e3ba8b9e-0435-4a66-aa29-ac7f1d7fa8c1,0.0373,LOW
e3dcc931-6fc0-46c4-a049-600cdabfe053,0.1003,LOW
e4a94c6c-f4f0-409a-8ad5-8892eb493521,0.2381,LOW
e6efa3c8-e4d8-4b60-b48d-04b96499ebd4,0.1809,LOW
e7a861e3-a856-469f-9564-7d9a66eb2afb,0.1674,LOW
e80d34d1-321a-42a1-99c3-9ae984995e20,0.1016,LOW
e97048e0-580d-4a21-907f-6355cb728325,0.0785,LOW
1ea521da-eed4-472e-acbd-ce9db885f891,0.106,LOW
e9918043-d842-47fa-8f04-0fd7fef2c912,0.0875,LOW
ea774347-f52d-400d-9e5b-88a1bb41d148,0.0617,LOW
ea7eac63-059f-4bbe-a514-d81b78f426c3,0.1672,LOW
eacad3d1-2606-41e2-86fb-8d56bc5d9847,0.0467,LOW
eb11d050-7898-4ff3-a298-ac16428e2d67,0.2321,LOW
ebb4a297-d145-4e85-b16b-cc3eaa10e3d9,0.1904,LOW
ebdb8783-aa6c-4169-b75a-0cc707394890,0.1309,LOW
ed02c843-e325-4ac2-a1af-05279affc24f,0.1551,LOW
eda9a721-adce-4738-9f03-b3bf48076838,0.1278,LOW
1f60797c-3c7f-4d91-9eca-d315a9ae60e0,0.153,LOW
1f86d203-aa9a-4bdb-ad5a-4dfb68fe9d4e,0.14,LOW
ef8130c1-c250-4b6d-a27f-a3b229855c5e,0.0803,LOW
efa468c9-bb2e-4882-acb3-e9c4492876f6,0.0832,LOW
efbfa850-57a7-4b71-90eb-664d1f97542b,0.1203,LOW
1fa64cfb-2e62-498d-bb3c-a964093b10c3,0.2983,LOW
f09e5a53-3e7d-4506-81d9-a25737fcd8fb,0.2896,LOW
f10ae1f3-bce9-4941-a1ca-a1dbcf59c49c,0.0149,LOW
3c5d95ad-1dcf-46b6-b5cf-c7ee41c5d6dc,0.0171,LOW
f3643c6e-9103-4fbd-9785-0bceed2081f6,0.1364,LOW
f39b5580-acc1-4ac9-a0dc-80931d29568a,0.258,LOW
3db06632-2432-4f6f-a3ff-22091d206ba8,0.0732,LOW
f3e12296-545b-4af9-9d61-4d54aaac8bb5,0.2475,LOW
f4a26658-3258-429e-981f-0ae82e806da8,0.125,LOW
3ddbaa70-47b7-4bcc-a593-d1b55b48bf3b,0.1916,LOW
f5ed8810-85b9-45a9-9c03-edd12fcc06c4,0.0836,LOW
f5f305e1-fe83-456b-93ed-b30aee5dc749,0.0538,LOW
3e0c32c1-2767-4b0c-bf79-a4d71443acdd,0.0883,LOW
f6a1d549-4b6c-4a96-bf05-3c5cacadde0d,0.1009,LOW
f710a553-8262-43ee-828e-914463e690f2,0.1482,LOW
f76b7d6e-5e3c-43e0-ad6f-b5dd4ca77ffb,0.1271,LOW
f7708ede-2ea7-41ef-b59b-2eb152f61a68,0.2509,LOW
3e788eab-69fd-4fda-96be-739e7a6dd22e,0.1012,LOW
f863be90-8f57-4fdc-82c5-4f029c83d7a0,0.2186,LOW
f901dc84-cc35-4f0f-8e95-15ef5e51dfda,0.0343,LOW
3e7c31b8-1c9c-4522-9ab6-42bad129930a,0.0414,LOW
f98c1fa6-cd89-4840-8d76-ca2a07682524,0.1244,LOW
9b79faa4-52ec-4d89-b24a-2cfbb7c29f8c,0.157,LOW
fa5ea974-b59a-4e36-acdf-5aead72224e2,0.0947,LOW
fa86e590-cd46-4404-9ba4-d7f45e80df16,0.0956,LOW
faffa517-249f-47c5-bf53-1f6a19a0d78e,0.0732,LOW
3ee53b70-d580-4b8e-ada6-ef986878a83c,0.0461,LOW
fbf9885e-7674-46c2-a70f-5d189df90765,0.084,LOW
fbfb02e5-ba47-48b3-964f-0364f511a167,0.2156,LOW
fce13b58-4a10-42ad-9448-597e469ebfe6,0.232,LOW
fcfc5743-bdfd-40a3-8a3a-7fcb014b8e0f,0.0164,LOW
3f268801-d8f2-46d2-af9c-260b5411cd71,0.0453,LOW
fd55f6e2-fa06-47d1-aef0-ac0ad1eaf38c,0.2695,LOW
3f4fea43-fcb2-409f-b00e-ed7286a5429e,0.089,LOW
fea17df4-1745-4b47-9563-d40c990f6946,0.1876,LOW
feae5ac5-f1db-4041-b44d-afcd93f9346a,0.2279,LOW
ff286cb0-2fbf-485f-8727-91c951fd90cc,0.2953,LOW
3f797fe8-e28e-406f-a472-b497bbf3916d,0.097,LOW
ff89f12f-5c28-4018-9366-a99911074181,0.2393,LOW
275e0b31-cbbe-4d56-bbbf-6280edaa0ccd,0.0093,LOW
2738a433-d487-4cf7-bcb8-bdb7caee965f,0.0249,LOW
3fcfb3c7-1268-497b-940a-2cd1bc2be0fb,0.137,LOW
26596c99-79ab-47f0-9236-7e099ffb03ba,0.0823,LOW
3ff9b2cf-8141-4d3d-845c-56fbbb1734c5,0.2626,LOW
260ca9fa-e19a-4ea9-9442-a5ee4eb04dc5,0.1854,LOW
25a6b680-3ec1-4cda-a97b-7d80a323a077,0.0387,LOW
25971d23-273e-4ad4-9df3-09956fd9904b,0.078,LOW
255e2684-6aad-42e3-b323-5ee4a3e845a4,0.2334,LOW
25324163-4384-431b-840f-65b531643d17,0.1412,LOW
4042080e-b381-4121-9866-95b034c17449,0.1523,LOW
25019c5b-74a2-457d-96ff-59ae7a3cb2a6,0.0527,LOW
407d332b-3dfb-40f5-82a7-3d56d16b720a,0.085,LOW
24248c8b-f972-4818-b107-288740441aa1,0.0262,LOW
408e17b6-395c-4d76-bee6-aca539b5aeab,0.0192,LOW
23e88e2e-7195-4cdf-bed0-75f9711fb635,0.1469,LOW
239efcba-f62d-44d5-bc92-335ff560820d,0.0903,LOW
2364e3d8-926f-4816-87e8-19fcb2ed9146,0.0858,LOW
22e2cc5e-a147-40ae-b6b7-2b82b1ca9b4a,0.0273,LOW
2216b21b-86d4-4320-bf61-9c27cfd786b5,0.0404,LOW
411afe59-95f9-4a88-a229-2d5fc7417214,0.1066,LOW
20531034-39a2-4513-b06e-440cc9e0bdc1,0.0977,LOW
20232f99-c5ea-438c-9242-e56fb76a6367,0.0644,LOW
1fe10294-5321-41df-8e64-3c366ed9f067,0.1454,LOW
1f4a5a77-c55b-4bec-ac09-4bc2ae09c55c,0.115,LOW
4136a5f6-4bef-408e-8a4d-caf070f6a947,0.1963,LOW
1edf1311-6d97-471c-8691-fde4ca733062,0.0531,LOW
1e5f4cbb-5e8a-4135-a53c-22d546eebbc3,0.0903,LOW
1e5b31c0-3f52-41e1-a900-8102cea1b053,0.1788,LOW
1e3b0883-a71c-4484-b42a-8740f276c323,0.1171,LOW
1db39ee2-4860-4697-807b-fcfa7da33203,0.0399,LOW
1d92a95f-d22b-42b7-a91e-b9c98f0d3374,0.0323,LOW
1d2d875a-fff0-4def-9ace-98ab01c63da3,0.1065,LOW
1ca11d7f-641c-48af-a1ed-94018d1bf906,0.1453,LOW
1c9a92c0-02ec-4f0c-9af9-80e8e17205be,0.1717,LOW
1b34e603-05d6-4781-923a-a0b0d1a6b177,0.2156,LOW
1ae52604-7d91-45be-ae94-4e526b0205ed,0.0397,LOW
420d2a75-7e35-4e7f-a3eb-7d836999b433,0.207,LOW
424b5e54-f458-4d64-ba07-a966ea388d37,0.0751,LOW
17e599a9-deca-4f50-9ad6-f2300b1d08d3,0.1098,LOW
16fa883a-e10a-44f3-9291-54a3f78b9aaa,0.143,LOW
429a398b-00a5-402a-a64b-385ba2ff8ef4,0.0824,LOW
16e17027-3921-48df-9fc8-78a4e66cf3ef,0.055,LOW
167f9570-8891-4ffe-bb74-f10ed36756f5,0.099,LOW
42bbde42-d80f-4c25-bba8-a71d9862fd51,0.0684,LOW
15b4cc53-ba8e-4dd0-9d95-dd3f3b186b1e,0.0973,LOW
158941d3-08ab-4e3b-8e42-edd3bb8cf247,0.2891,LOW
14de9ef9-0474-4836-bd68-cc12e99d2c6f,0.1113,LOW
14c2828f-5485-4448-9be3-be693b57a13a,0.0522,LOW
14be8a25-6d4f-4162-93fa-541a3a83aa44,0.1223,LOW
14822cc9-3336-421d-8bdf-100c7ccc58a9,0.2182,LOW
144f862d-8cc0-4121-a1c8-6eccbf7aa8dd,0.0337,LOW
140a4a48-e8f1-4a67-a609-c0ba84f16c41,0.1357,LOW
13535e14-f725-4ca7-8fca-e54e21289ab2,0.0697,LOW
1212d43b-0909-4b13-8d14-026f7dc63723,0.0443,LOW
120e645a-4723-45db-b504-7b773de72c12,0.0547,LOW
11dd9440-6a68-4a8e-8dbd-2e248f7e6d86,0.289,LOW
11c095bb-2d8f-45aa-97fd-b93dbdebd075,0.0194,LOW
11bc9673-a2f8-4892-b110-b39be5594fe2,0.0279,LOW
109effe2-d29c-4b7a-ab42-cf0d6cdecab9,0.2991,LOW
10254977-3362-4fe4-854e-663b0fd24211,0.1373,LOW
435bfe35-3c1a-49f7-8a9a-8f4a23c5e245,0.2544,LOW
0f9b8382-e729-48f9-8206-f16fee850974,0.1206,LOW
0f3aa9d7-3a87-465c-8717-16fbfd610060,0.0141,LOW
0e6e142f-bcba-49e8-8057-41e65a52ef8f,0.107,LOW
0e6db217-82b7-4d11-b12c-6b71b4a17dbd,0.0642,LOW
43a65a98-ee50-4a92-8dae-6d6be0c48efd,0.2317,LOW
0de88507-02f2-4bb0-8894-20c37805adc3,0.0458,LOW
0db14056-7d01-4a3b-bb0a-0b591c4dcd87,0.0426,LOW
0da2c4e0-af16-4e6c-9cb9-0b7c97b91b0b,0.1635,LOW
0d9b0d78-d4ec-4b5d-a5d8-e651e19546ae,0.1718,LOW
0d36a252-d4c9-4b9f-a43f-c3e2b1937c70,0.0783,LOW
0cee2f11-25a5-4c9d-bfa3-e519ae6e100e,0.0478,LOW
0b68bbe0-b4e2-4f8a-a175-187f25bb1f5f,0.2698,LOW
0aede3da-c0be-4b5b-8687-d40658c3a9db,0.1593,LOW
43f2ecd5-1516-4a0f-aead-dc073e5d3067,0.0239,LOW
43ffaf00-e0b5-46c0-8e8a-3cfb3bd7ff7b,0.0177,LOW
0ac15e28-e692-44fe-9e0a-6ef7a4f7c816,0.0175,LOW
0a725f79-dc31-4a7c-a279-d9905d733526,0.0349,LOW
0a412189-ffe1-4b82-ba3b-27083b63f370,0.1235,LOW
442d78d2-1c81-4e34-b1ee-e9fbceb6c165,0.0676,LOW
08eb686f-b745-4851-8b3f-16154c843f6c,0.0619,LOW
08388796-fd2a-4071-a83e-3481d6a6fd1f,0.1052,LOW
082430de-0b8a-4662-91b9-a5a09154fea6,0.0397,LOW
07c1fca4-7942-4d4a-95a4-db92d6b466e8,0.1869,LOW
0793966e-555c-46be-b47f-2ccb016c49f7,0.0765,LOW
07855cfd-2a55-460f-8830-009f4e3e7a79,0.1779,LOW
062322c9-81c7-41d6-a20a-d3b3c5186159,0.1551,LOW
060c0bd6-21b9-4239-9ebf-2f6079bdb667,0.2711,LOW
059bdae4-8d1d-47b3-90db-43ea809c45b3,0.2036,LOW
44dae95c-1f39-4e13-8aa3-798d25c419ce,0.0339,LOW
04b7ada9-e6b8-4e78-b1fc-7a2b04974191,0.1437,LOW
04982715-5d05-47e6-899d-2cef5bf8fa0d,0.0904,LOW
4514a750-087f-4cd5-a634-2b2a8518c05f,0.1404,LOW
0450992e-dd57-4ea3-8cac-4d330a39d616,0.045,LOW
023e2302-d6b5-498d-bc93-cf72db4467b0,0.1082,LOW
01ac69d6-7559-4b18-9a5c-21dcba77e065,0.1881,LOW
01745f44-37ac-4932-9941-b01587e9eca3,0.197,LOW
010f35ad-9da6-4205-9762-426bf7c5e893,0.1048,LOW
00f6f279-bd44-4b30-94d5-eb707e7aa2f1,0.1604,LOW
005799ed-bc66-465a-8568-911f58787d0d,0.1608,LOW
0001c611-3527-4796-9094-bfaf7cad6bed,0.2664,LOW
ff617a92-8fbe-43af-960f-ca26ac87b94e,0.028,LOW
ff22aeac-f65e-4ab7-bfd4-38a429ef2fcc,0.2272,LOW
fed481fa-c34b-4a69-9458-27372eeccb01,0.1158,LOW
fe1a9d96-2754-45b2-a6d5-4e28319a7d53,0.136,LOW
f98e3826-3c51-445a-a480-ee19c3827b51,0.047,LOW
f8fa8d25-6740-4e37-8e76-e406e89e5271,0.1849,LOW
f8bb9812-470f-44ab-a542-fb98a5fd75e0,0.2067,LOW
f8b0700b-fc8f-4a12-b0d1-70039d63adf0,0.1217,LOW
f8980f71-8225-446f-9875-82a487d61c5a,0.1591,LOW
f7b9344c-6f9d-4b0e-ac2d-c4f06306d89f,0.0174,LOW
f7adfc8e-7459-4c19-b62b-6cf89fbd267d,0.0551,LOW
f7511eb6-f203-4729-9526-5dc4de7e9507,0.0381,LOW
f6ff5ae7-e643-472a-ad37-c8d29071ffbf,0.098,LOW
f670db02-d9ea-433f-9505-8629bf43cd1b,0.2359,LOW
f609fd5a-ec6f-4ff4-938f-e40608e95ae7,0.026,LOW
f4bff293-5da8-459e-b9bb-7815b3b41ef5,0.0648,LOW
f4b6b4b4-edb6-42c7-930e-c0f5bed2f211,0.014,LOW
f383a6e7-98e8-4491-9622-a8b4b01f621a,0.0817,LOW
f206737b-7587-408c-b7b5-72daddf0dcfb,0.062,LOW
f161de02-334d-4176-882d-7eadf5880533,0.12,LOW
f1553296-5f32-4115-98e1-112a9d0acc2e,0.0165,LOW
f14f1576-1ccc-448e-ad19-a3e600a183bd,0.012,LOW
4759da1d-90a5-4e50-bdeb-33917db4d395,0.1103,LOW
f0df9700-1c46-4050-971f-ba6833bf6e0a,0.1443,LOW
f0044be8-61e3-41cf-a4e5-595a7ec5ac5c,0.1514,LOW
47af1e83-d454-4f57-a8d6-543e3deeae7f,0.0228,LOW
ee50257f-0a08-4c0a-8b1c-9c6240929acb,0.2245,LOW
ee4e95af-c6d0-4051-b7e5-7ea51f6b0418,0.0908,LOW
ed7e2cc8-bd15-44fd-83fd-e48330e9b3e9,0.1411,LOW
ed6978fd-0b06-44ea-b4c9-aee12f631e9a,0.1784,LOW
480994ee-5025-4f0e-b830-1ba294fdd7a5,0.1083,LOW
eb7b6adf-f1e7-47dc-a5c3-e7493d38a65e,0.0451,LOW
eb7b17f2-1db3-4f3e-aa9b-f0c04145c756,0.1775,LOW
486b0f00-ce06-4d2d-b29d-1b277b68885e,0.2807,LOW
48b68265-a063-4424-afec-0c6b114f505b,0.0786,LOW
e93949e2-809a-4190-aef5-e155e8574130,0.2589,LOW
48dce3c3-bb9f-4990-9f8d-afc7b222a0a2,0.0353,LOW
e88c3784-33ba-47b6-90ea-a9a5e13fdf0d,0.0749,LOW
e80c2587-b26d-408f-b815-4cf201a13de0,0.0369,LOW
e7f404ca-fb04-4f31-a915-1988b8d5fb21,0.2542,LOW
e7aee1c4-4734-4ea8-af57-ab28b4386abf,0.26,LOW
e7a99d87-b077-4dbe-8852-d0cb685a481b,0.0944,LOW
e7a4e62f-6361-4eac-acd4-1c2997e0dcc6,0.1847,LOW
e7066b0a-0700-491c-8058-9bd96d831ab4,0.1134,LOW
e6dd4bd5-5fee-4da4-9276-a588338985eb,0.1385,LOW
e65ee010-2ff3-4e8a-b404-9349a92a967f,0.0472,LOW
49267399-f639-4a53-ad03-5783d3242a37,0.1339,LOW
e56fc7bd-898e-40ce-bd3d-c05c14baa897,0.1936,LOW
e49d3d74-7d9a-4c42-9d8b-adb201503cd6,0.1326,LOW
e45a96aa-707c-4210-91e5-465da8d874a7,0.1555,LOW
e39e05e0-ef93-46b7-b458-05b6281f4309,0.0906,LOW
49774006-a7c2-451d-87f2-6aa913b0fc9e,0.0366,LOW
e1f91403-ff59-4637-b444-2a704e80f3a7,0.0711,LOW
e1f54e16-2485-432d-b3b4-12546d7acb5a,0.0359,LOW
e0a375b5-c55b-4109-96d1-1eb831ecde25,0.0327,LOW
dfc6c245-d531-4255-8c63-a5745383dd00,0.1064,LOW
dfabcb8b-4b45-45f6-9d44-eb8f2b693995,0.2477,LOW
df384764-d92a-46c3-b0e4-8e7ab3e7ca7a,0.191,LOW
df322a2a-0989-4ea6-aaed-9fd8d1cb4b9c,0.1938,LOW
49e56a02-0c14-4e34-8b37-50d6177c8c61,0.1007,LOW
dd92512b-4d48-4175-bf7c-05fc8d33d0ae,0.0755,LOW
dd7087f4-0a52-4fb7-af2d-e9a1e47d116e,0.2439,LOW
dd5951ac-3572-43e6-9c0e-279481ec5250,0.2352,LOW
dd071c98-3558-46a0-a673-b5c92ca0d724,0.1752,LOW
dcf38b5b-d0dc-425e-9f5a-de371eefd367,0.0848,LOW
dbe22848-6e30-4eb3-893d-24b80dd05ce5,0.0689,LOW
4a95f77a-9bea-4b0b-8347-54f5b7491262,0.1865,LOW
db3d75b6-0c00-400b-b4f2-4ae5276a0d59,0.1285,LOW
db1435c8-d71d-4efd-84a8-90cac6bb8df1,0.2403,LOW
d9fb1d88-57c0-4417-94e6-bd66cd79f292,0.066,LOW
4ae8cacc-092a-4f2e-96fa-5b11c0d26351,0.1707,LOW
d9d68d7f-88bf-46bb-9210-77e5b904599a,0.216,LOW
d98dde9d-9608-488e-b1cb-eac7dc54d741,0.0451,LOW
d96d5224-5c0a-4619-9aa9-f3f471a4bda9,0.1955,LOW
4b1283da-a72d-459e-8d19-04b202245c98,0.0849,LOW
d85645ca-f74f-49ae-8d36-13f8bd7a424f,0.1168,LOW
d7def68b-a571-4fa4-ade2-e353770a8eea,0.0888,LOW
4b4229a2-498a-453a-ad24-65c97dff00d2,0.0616,LOW
d773143d-6f5b-4a40-a9f7-34cb69b76fbd,0.2125,LOW
d726365b-e26e-402d-a3cd-16147038f98f,0.0546,LOW
4b529d86-19b7-4129-98c1-76bb41f74b4b,0.1817,LOW
4b5d84ef-4194-4562-b71b-2476bdbd2a91,0.1797,LOW
d66ab456-c7b4-4a3f-a7a6-10ac617bd9d7,0.0212,LOW
4b91b321-bfc2-446a-981e-fff2f33f92b4,0.0573,LOW
d56aa1f2-bfe5-4f74-b47b-e6bc232df2ed,0.2384,LOW
d469cb95-7444-4512-b7e1-18d80a43ddd3,0.1424,LOW
d4426c58-e2dc-41d3-bd35-11dd6972d10e,0.1241,LOW
d4145fcb-6c03-4e20-94b4-bcb8c55aecb1,0.1534,LOW
4bc9230a-5a9a-4e69-b82d-2d554a57456e,0.0499,LOW
d371174c-e319-4c8b-8a18-e48488f73355,0.1856,LOW
d368dbc5-6af8-4c7b-85d5-193eab4ae105,0.1591,LOW
d366eea7-8a0a-42f9-a495-c60a5fc57618,0.0399,LOW
d31236f4-2703-48c3-b4e1-5d01134b35ef,0.03,LOW
4c18477a-ac9e-45e9-ae48-c2283a36cf08,0.2165,LOW
4c1ac66b-b67e-400f-8070-8b0e19294b53,0.0423,LOW
d22a37ac-7533-40ce-b734-30a1e3730389,0.0021,LOW
d1bcec1d-afae-457e-9eab-0f4338a840de,0.2112,LOW
d1461578-e2d9-4064-92c9-aabb9236fd64,0.0537,LOW
4c8ce60c-d2eb-4dd4-829a-1204f9e795af,0.2398,LOW
d0ef665c-a095-4780-bb30-c474d8fdda4b,0.1321,LOW
d090017a-5e0d-4c6e-afe5-12b9adf23d67,0.029,LOW
cff50748-88f0-46af-aef9-a8e98bd7e095,0.0354,LOW
cfe18e96-f65c-4e94-97b3-7af87cc1c2fa,0.1283,LOW
cfdf6a21-c264-4df0-bfff-e959ca80a698,0.0079,LOW
cf9c5ccb-b123-487f-8307-365eba36b2f6,0.0854,LOW
cf39bbeb-202a-48b2-b16e-e0ae0d03f14a,0.0772,LOW
cf38d453-4a61-458e-bf9a-698bd660d950,0.0823,LOW
cf2601ef-d0d2-4b34-a8a8-a92ae81d5889,0.0507,LOW
cf198f15-8678-4c90-a5c7-cb13548b1c03,0.2773,LOW
cec97f8a-f155-4412-866b-2e5389727dcf,0.034,LOW
4d3061c0-80b6-4c80-918b-7b4bc6c52b93,0.0179,LOW
4d3f0e7c-2895-4eb7-a39b-dc040db53299,0.1799,LOW
cdbb5e20-e3f2-4a42-abd0-1cb9b3133ce9,0.2916,LOW
2983252e-e387-4ce9-b92c-ae59f55cb3b6,0.0877,LOW
2a22542d-c656-4c4d-bbbf-2b8c6b62718c,0.1328,LOW
2a61dde9-5008-4808-9e6d-191d8750a906,0.0858,LOW
2ab48a38-6ad8-4e7e-90fd-891ef45f2175,0.0924,LOW
2b2a03cb-34ac-4db0-a946-40242dfeb43b,0.1297,LOW
2bb5f310-35e9-4737-8a72-fc16ad6aed94,0.1266,LOW
4df64bb1-c555-4c13-adc5-4604fcb70635,0.2492,LOW
2e56747a-08d8-47b7-826e-7e6b56e866bd,0.1747,LOW
2e6df419-71a9-4d67-9171-8b0842815ef8,0.0813,LOW
2e71344d-ee71-4ea8-94d3-28e4931544de,0.1962,LOW
2e9a3069-14b8-40d4-8fb2-ce426ce39d8e,0.1921,LOW
4e2c7fd1-79f4-4e00-9cbd-2469abdee96c,0.0691,LOW
4e1cc0f4-4115-4ea2-9182-3b03b71541cb,0.1699,LOW
2ef24843-3197-4eae-9c47-efb841249b8e,0.1735,LOW
4e4f0f8e-50fe-4eb1-a131-ca724796cf3a,0.1914,LOW
2fa0d2a1-6260-495e-b8fe-59b4a3da872e,0.0391,LOW
301782ae-b8be-46b2-bbd5-c7e2fc9637f0,0.2358,LOW
30ff43cb-ee58-4a46-bbde-573b2d277e12,0.1198,LOW
32c54c45-5b8f-4e54-a0fb-66275a730f9c,0.1065,LOW
33192c72-3eb4-4af7-934e-b8eedfe89bd2,0.181,LOW
331e4562-2955-469e-87cd-93e003f55d54,0.1054,LOW
332bd9f0-2c31-42c7-a323-643f9957c496,0.0091,LOW
4eb0b717-649d-40e6-b95e-ede154a97ee2,0.0881,LOW
33d9859e-8ea7-4722-85d3-9e7ed521b541,0.145,LOW
4eeb6f7a-82fc-41f5-830c-7dbf5d6aaa3e,0.1571,LOW
343d7df9-2474-49c1-9851-01f03c0d359f,0.0673,LOW
345b802c-aa76-4a5e-8fe4-2ae5c0cde8e3,0.1642,LOW
4f06a5ef-b232-4726-a549-581dc5566924,0.1291,LOW
4f316734-c760-4b32-9dad-699d50658369,0.0999,LOW
4f4c8662-024c-4dc8-ae96-3be8d4cdf1bd,0.0293,LOW
4f54ba29-dcbd-472d-826f-4f01eef3e5b7,0.0763,LOW
362d4cc8-0d4e-4e73-a27f-657b8cac584e,0.1409,LOW
36498ffb-f9ed-491f-9109-d6c0b6159ebc,0.0392,LOW
36d61069-8fe5-4340-8988-8edaa3f4da7b,0.1078,LOW
3700f210-4554-4e0e-8e82-9a54409b9f38,0.1626,LOW
37645176-9733-4a19-8622-22603f475fad,0.0918,LOW
4f94c679-b8db-4cb0-a361-9f0376c0ca92,0.0978,LOW
37d7b117-429f-486f-af7b-825038a8744f,0.0947,LOW
37fea93d-ce10-4f4d-b646-e7aa473e0a79,0.0593,LOW
388b7c70-6bde-4362-99f4-8a0d64733509,0.0544,LOW
389acae1-478c-4701-a4e6-cad531080001,0.0793,LOW
3959cc98-e298-4c29-9c47-b4b3dc867718,0.0222,LOW
3a2fe6f9-b4dc-4f6a-90c0-5ac96d6aff31,0.1728,LOW
3a582a13-9d1e-4607-b29b-47dafef6bbd0,0.2359,LOW
50240311-2482-4c30-8fd0-209b2f51c0b3,0.0312,LOW
3b634020-48b2-47e0-b3af-6c93bb86bbde,0.2353,LOW
3bd3f921-b50d-4971-bf51-498ef1ad0e62,0.061,LOW
503127e4-cf36-4d09-80f6-ac84cd196d96,0.1349,LOW
3cac2c4c-4d53-4b9d-9824-ad10aebd18d4,0.2151,LOW
3cd1ee11-344a-41bb-9f09-de4a71efddca,0.0895,LOW
3d40366e-73ab-40b7-8f1d-ea1edd31db9e,0.2213,LOW
3db75526-d932-49f2-8037-f9e720482db5,0.0473,LOW
3fee5376-f3e8-4cfd-be6c-5ec91ba13ec2,0.0399,LOW
405906ac-fe80-4569-bd21-40fea9f84884,0.1553,LOW
4065f5fb-ded3-41e3-91df-aef5be9f92f3,0.1931,LOW
440431ff-7d82-43fd-b935-e6c7bbe3fe35,0.0827,LOW
506e2ddf-0f15-41ac-ae51-c7a0935f06f0,0.0255,LOW
44258f9a-9640-42cb-8717-087e67d36dde,0.0239,LOW
44623a71-0a20-484e-a0bd-8eb203fff000,0.1021,LOW
44fb43ad-f48c-4f53-b110-24ea4299baad,0.0452,LOW
453c549b-37d7-4e22-aad5-6604aa520599,0.1197,LOW
459317a5-2698-49e1-bebb-75bfbb0a8dd8,0.0281,LOW
45ed48ba-fcbd-4590-af1e-377ccbe5b89d,0.1187,LOW
4617b573-9cd5-4602-bef5-47978bdcc6ca,0.0647,LOW
46aa651d-9c93-4497-a686-837db4d493c0,0.1187,LOW
46b557f2-9827-4363-831f-b3c5967a0349,0.2693,LOW
46d4904c-87dd-45b2-b465-0b0f4a6a48e7,0.1619,LOW
46d759ba-d5b5-4f21-9ea7-e17eb907329a,0.1516,LOW
4876be98-63f0-407a-acd2-c7867ff32cd6,0.2085,LOW
48b079e1-05cc-4332-9242-6674d540483f,0.1996,LOW
4abac02b-863e-40e2-8e17-0c1b36489a2c,0.1451,LOW
4c29f2c0-a6a7-436d-b4f2-0f67cbad6b5a,0.0403,LOW
50ce3104-971c-4453-918b-286f4f1b1b92,0.2583,LOW
510abc5a-fa47-4be3-a585-ec4de50b5c7d,0.2741,LOW
512f7169-c69c-4673-9b84-78c36092c59e,0.1416,LOW
5742971e-100f-493c-a2d9-7474b91dbdb6,0.1223,LOW
59295a91-ea23-44b6-958a-f8a1d5a0c207,0.0198,LOW
51c7760b-271e-4df6-be83-eeba866713b5,0.1119,LOW
5a0788d3-f89b-4a19-9f22-170461a5091d,0.0379,LOW
5206e83f-dac1-4791-91dd-aebf2728847a,0.0271,LOW
5b55f1e3-b08f-43f5-ad85-bdf91a4b5239,0.0955,LOW
5c0411db-7970-489f-981d-230660803cb9,0.2895,LOW
5c424329-0be2-4f06-93f5-769bd2f486f7,0.0229,LOW
5c939f4c-2523-4718-8b1b-31ae8802477b,0.0824,LOW
5d497ce5-34b7-444d-adf4-f88d900da0e0,0.0384,LOW
524458b0-7fd7-4471-80e4-163affa8b388,0.0275,LOW
524c6f2c-05a5-4319-af07-0b5e5eb423da,0.1179,LOW
5ec86e39-069b-4cb4-b48d-4ee77f215a23,0.1824,LOW
5f118e57-2c43-45e2-8d08-c1307f9e4cfa,0.2949,LOW
5292f4a2-05d4-4135-b551-d94084ba8c35,0.2341,LOW
52ac85d4-eded-49f6-9eeb-06ffef63c4d4,0.0186,LOW
52b59953-7a69-4fb1-8be3-64b3f0c9ca7b,0.2115,LOW
5fbda783-1bf6-4a01-876b-04d0e67138d4,0.1769,LOW
52b9b507-00ef-4176-b781-f7e5edc8a5f1,0.0743,LOW
52d165ba-463e-4a75-81c5-11334bcdf86a,0.2184,LOW
61761c6b-4a9f-4699-87c2-9f1fb2fbdaf6,0.0639,LOW
61e3431c-93bc-4afa-bff3-4773d29b89fb,0.0496,LOW
52f8b498-ee0b-4b34-91e2-ad3735a83130,0.1011,LOW
6260f6dd-9c64-4fb1-84ce-aa83d11f59e1,0.0458,LOW
62a70973-509a-4c40-8978-da91b4304d1c,0.0991,LOW
6357a7a6-e70c-4793-864b-b988143f28c2,0.0394,LOW
63822c54-661e-4a4b-aac0-2b92ea2f9d87,0.2262,LOW
63e39605-499d-4057-be18-35b6d943bfbe,0.1398,LOW
646bc8d9-aef7-4ee5-b321-81f4db44afc9,0.1055,LOW
64a6b767-2a38-41b9-8455-b21228432b9a,0.1959,LOW
6534f08d-3cb9-41fc-a349-3824ae3c0403,0.0851,LOW
65519a81-52a0-410d-b64a-1b63a5bbf827,0.0101,LOW
666847fe-b4d5-4e4b-baf1-e48e44870e0d,0.0795,LOW
67da7ce6-e8da-45c5-92fd-115ee759cc3a,0.1165,LOW
68fc5514-ec9a-4b70-bdfb-5bc55f379461,0.0623,LOW
53d345aa-07c1-4c77-a344-076d1a4335cd,0.1085,LOW
6b682488-d072-430e-809e-fdc6ca11ff3d,0.125,LOW
6c0f9b24-11c6-45cf-8888-dce8b56ba4f6,0.0839,LOW
6cafe86f-298c-411e-b6f9-55406b1f4b0f,0.0878,LOW
6ce38ac4-9aa2-4db4-86e2-3d577a3bdaf8,0.2166,LOW
6d2b50a0-f413-404d-9beb-d4fee6a12250,0.2426,LOW
545fb6b8-a18d-4769-86d4-2a0947d61d8a,0.2172,LOW
54a672a9-6c6f-465c-b932-19a0bca3146b,0.1614,LOW
6f09ceab-9192-41eb-8eb3-a0c3cdf0ad0b,0.2659,LOW
70cfcb1b-88ba-4664-a035-d3cb00cade68,0.0649,LOW
71277cd9-61b3-4c9f-97be-e0902ec56684,0.1428,LOW
715656a1-d23e-4c8b-a28d-ef6b10cf92ea,0.1919,LOW
54e1dada-03a4-47cc-a7d0-4bd6665288a2,0.0344,LOW
716dcc24-8d44-4a1f-a594-6190cbd75312,0.0911,LOW
71898e10-2ab3-4d5d-a384-69827e041201,0.23,LOW
71adb5df-ae48-4b62-84bd-67294684ac79,0.2847,LOW
71da8f4e-3fe4-4c88-aeb5-7257dd39dd6d,0.1505,LOW
729905a5-7a10-4471-b8b6-2caa60238eea,0.2271,LOW
557cabf7-f3a9-48cb-9be5-e145c569a4be,0.2062,LOW
763706bd-3958-4c3d-9f66-8c1f82024d7d,0.1646,LOW
76cc8400-f188-4789-a7f2-1f9ef204f1e2,0.0776,LOW
770bdfd1-c96b-43c0-a158-796cdd571eae,0.2028,LOW
77248145-05bc-4dc7-8e56-9312d1a1c71b,0.1505,LOW
77d76019-e05a-462e-be7c-ae2d58bfe319,0.2203,LOW
77fcfae8-1bac-4123-b942-445430be4ec8,0.1409,LOW
56398a17-ec18-4261-87bf-806eb8f6baf1,0.1611,LOW
78bdb6a0-d339-4b0d-b18a-d6be6f1fc381,0.252,LOW
79b734ac-e6cf-438e-99fe-fa5c4e72e1dc,0.2653,LOW
7a30686a-c8af-48e5-8581-3a9b61df78ba,0.1992,LOW
56ab27f8-5436-4044-b5da-59de7d38ba95,0.1521,LOW
7b3284b3-62f7-44ba-a566-44ac7a39c014,0.0444,LOW
7b52c98c-d090-4434-b98e-e4573eb28aa5,0.2689,LOW
7bd76ef8-34a5-40c0-bbc1-8c5f51d1a06b,0.2144,LOW
7bf06935-6795-473d-a430-d0efd75947ae,0.2535,LOW
570aea85-a0f0-43dc-9e2a-aa7249fc391b,0.25,LOW
56fed1af-4a78-421a-99dc-41a4d4a0e81a,0.1913,LOW
7caef2df-d5be-4cb8-86cc-d5f1ae7ceab9,0.0612,LOW
7d6f1f22-150a-4888-af41-7d7555e6e973,0.0525,LOW
7d6ffb3f-feec-448d-91d7-815af7a66fe0,0.2028,LOW
573a63fa-1385-4d76-bb79-3453639f0c70,0.0417,LOW
57431ad4-0333-45b1-8b6f-64e99d5210c7,0.1673,LOW
7f6c56b7-dc63-404e-9a7d-6b2dd6642a1b,0.0954,LOW
7f917524-725e-43cf-8ada-97ada9d1cbb5,0.1044,LOW
80bda959-57b0-404a-9348-9edc3c925137,0.0835,LOW
80c584cd-8049-4464-97ca-57d7cd5b7611,0.1214,LOW
80fa97fb-9436-46c7-943e-c617eb449611,0.1633,LOW
811268c6-c95e-48ec-b33f-cf9aca56c668,0.1257,LOW
8143e84c-4a54-4601-a2a4-820572c49e08,0.1557,LOW
81a476d5-3ab8-4c14-b8bd-2d55170cce48,0.1713,LOW
81a6f9ce-3968-4c6d-8938-1091d5f0a78e,0.0998,LOW
81a73765-367d-449c-808a-ead2b322570b,0.2625,LOW
81b3363b-fc40-4889-aa08-defe97286878,0.2069,LOW
82cf2846-cc37-4229-9830-da8eea340f68,0.2005,LOW
831ca64a-a77b-4e1e-a133-475e3b146911,0.0711,LOW
842308bf-6d31-43f5-9afd-897c068f5c24,0.1194,LOW
844aaf9b-4d65-4ab3-a5be-5a1a7ce3f0cb,0.1918,LOW
84767d2f-eaa6-4422-9528-b9ae0dc7106f,0.1343,LOW
001a200d-6ceb-4b2d-b243-5bc26c7efb58,0.063,LOW
0086b6bc-34ed-46bd-8c65-bb875fb47185,0.0816,LOW
00e63df6-e1ce-4067-8183-df12804b8e9f,0.1891,LOW
58e0e3ff-ec1a-4ab8-8e6c-792173564cab,0.2123,LOW
01971339-4ed4-4729-be61-cd50cfce317e,0.2512,LOW
01b81ad3-efc5-4535-961c-9c1ba81f8060,0.0097,LOW
590f482c-a08c-481f-96db-9789fec964ac,0.2905,LOW
59309409-c9de-4c4f-94bc-95fa93eeeb8f,0.1222,LOW
0410c73d-b079-4119-8013-583fafa9b2fa,0.1341,LOW
046c7932-53a2-43c2-8f5f-1c5348549014,0.1831,LOW
063aa863-0b0f-4cb6-ae41-499574303c62,0.0859,LOW
5a0bb313-86b1-4994-80ca-011328a5d089,0.182,LOW
5a075899-5109-4e4e-8c92-2060f135454f,0.271,LOW
06f5d37e-2b49-445f-9604-238d4bb50634,0.1633,LOW
070b967d-0f5a-4112-858e-69e57ca0a838,0.1411,LOW
072068f2-e001-4153-bf71-bbab0b0f627f,0.179,LOW
072dca5b-3b02-4bcb-ad0a-c9de6a249f71,0.0837,LOW
07417f6f-6779-4fdc-84ac-cbb9a43c3ab6,0.0879,LOW
0796e3e5-bade-4ab2-a702-126771bd6d01,0.0893,LOW
079b0aaf-f9c7-4b84-8406-b03d29e975d9,0.0276,LOW
085a8698-73d4-4304-aae0-f2c41755c641,0.0838,LOW
09e0a3e7-6267-442c-a6b6-0c7e64fc94a5,0.1163,LOW
0a22a0e1-76d5-4ca7-ab2a-d77622b308f7,0.106,LOW
0a7fa96f-faea-45bf-b3d6-503207a11509,0.0561,LOW
5b02477c-70b8-41a7-95eb-c340ab102dd9,0.178,LOW
0b2a6cd0-509f-415a-beb2-0c16bc2b4f83,0.2905,LOW
0b804050-028c-4103-9c39-029ef761f931,0.0468,LOW
0b821aa8-36d6-461e-a014-015b95e70349,0.0314,LOW
0b87304a-6800-4812-b8ca-2bc7b3349794,0.2933,LOW
0b9bb636-a707-45c8-8fae-cc09705e5d8b,0.0521,LOW
0de56a6a-386b-4ae6-a687-1fc475015341,0.1817,LOW
0e35519d-3d95-4fc2-8e85-318fccb27800,0.0832,LOW
0e41e189-0f55-4135-b06b-33d9dce0c19c,0.0842,LOW
0eecbd0b-ce56-4e75-ab0e-d42da56b1706,0.1341,LOW
5b603b48-9139-4b75-a000-ac694a65710b,0.2742,LOW
0f78bac5-cc5c-4001-b07f-bb97d6626edf,0.0477,LOW
0f873bf8-5fef-4c6d-814f-3b36e35da70e,0.0846,LOW
0fc15f21-009a-41fd-82c1-dd118da02e62,0.0138,LOW
0feb112f-a506-4554-aa68-789b14adbdbd,0.2357,LOW
1067b4b7-1b9d-477c-8047-a9533f041fc2,0.2172,LOW
10fafbfd-af91-4ba6-9c4e-5a10368259c8,0.2358,LOW
10fec6dd-13d2-42af-a7a7-223aea8fac07,0.136,LOW
5bcff8b3-ffdb-4269-a25e-ec499e150717,0.0555,LOW
5bf45bff-c688-4adf-b7af-e26245d8b1b8,0.0355,LOW
11ed6255-7858-49c9-8e04-5d374e3aeb83,0.1338,LOW
12443c4b-79b4-4752-b72f-71cbe0392080,0.1415,LOW
12500ef5-b451-4999-a189-923b0e719572,0.0899,LOW
12862d79-ab33-4f4c-bac9-e48a0d2f2f7a,0.0254,LOW
129fc8c5-97b7-4829-96d9-2c05489f8bd3,0.153,LOW
5c05f976-2ff3-4124-ad32-0726bbaac095,0.1492,LOW
12d04c2a-5d2b-433e-aa0d-5beddee518bc,0.1316,LOW
13496c16-300f-40ff-a8e6-825a8324a619,0.2147,LOW
5c1aa21c-1a7a-494c-8f73-b1ff1f875a73,0.1365,LOW
13a5717a-9051-40cc-bf7c-dd14849efd81,0.1246,LOW
14bd37c7-36ff-4c3c-8c5c-4644fce74200,0.0656,LOW
14e2ad7b-5dee-4e41-9b6e-56270718658c,0.1183,LOW
14e64cc0-9078-4c67-8a5a-8f97bd2abe34,0.0083,LOW
5c50439f-074f-4766-ab2e-f855f8d9ee46,0.1947,LOW
6ff27fae-dec9-46b2-a8de-6698fa6c32ab,0.2035,LOW
ad08e95a-7f02-4499-906b-953965e583d5,0.1805,LOW
af20ca0f-6849-4050-802b-c26985ba2a5b,0.0342,LOW
c40b3660-4bd4-4c82-bb72-23e8e18510a7,0.0258,LOW
f1bbab4f-32b6-4c7f-afbf-a5bb8510db3f,0.2187,LOW
f4550697-6f21-4478-bc3e-19fcd3876b01,0.0302,LOW
1553b40e-f262-41ff-bcb4-c19f73dea9dc,0.0445,LOW
156cce65-f7ec-4a1f-a2c9-a1a5f4c5ddcd,0.0701,LOW
159d2873-225c-48b6-a4eb-04d629057d91,0.0454,LOW
15ba371d-4bd0-4846-bfd7-e67618df2c17,0.0509,LOW
17588007-263f-4b2a-8f2a-c7361c3cb91a,0.2715,LOW
e37390c4-7c17-42ce-b88e-d6dbcffb5c08,0.0321,LOW
1877c633-8a78-4fa8-8141-caf682ade4ab,0.1729,LOW
187c51ee-2bd5-43f2-8dd4-e28f4c01829b,0.2148,LOW
1968b8dd-d81a-4ead-86f4-599a5e339906,0.2053,LOW
196acb01-b215-4100-8572-1914396391a1,0.2188,LOW
197e6b10-358c-405f-8bac-c69f59cca4a4,0.2006,LOW
19a4f751-decf-4f11-b02e-855e7c133aca,0.1319,LOW
19d2bb5b-b4a7-4ee8-887e-599e8d206a38,0.2003,LOW
1b7b8f6f-6edd-4216-9afd-6f00d6c50b04,0.1046,LOW
1ba30d7e-cb40-4bfd-bfce-472b03eba1b4,0.0817,LOW
1c9ec7ef-d4d9-41f3-b38a-fa1cdf5b970e,0.239,LOW
1d7822e2-e34c-4ef4-9c75-bd611fddbe05,0.0572,LOW
1dcb577f-0f86-4259-b217-4c402f289009,0.171,LOW
1e1b56ac-9bbb-4a8f-9dd5-f146e650ef8d,0.0595,LOW
1e4e3f57-64c7-46e7-a6e4-a92853ba2223,0.1834,LOW
2023400d-c6ee-42d5-a26f-6f8218914d46,0.2481,LOW
20c74cfd-3611-4489-b658-49a238ad7bfa,0.0746,LOW
20e0970a-3e91-40ac-8078-07a562536e38,0.1857,LOW
20e6d614-a4f1-4c1a-9eb5-84e814e12aca,0.1171,LOW
212a8ee6-5c3a-41fc-971e-a9a7c4fcf9b8,0.1267,LOW
21b335bb-114f-4fad-80f8-92ce6ff5fa25,0.1029,LOW
22cd5649-b192-4e48-9fde-51a1d97b2806,0.2978,LOW
22d2a1b5-c588-44ea-980e-dad96f46e834,0.2736,LOW
22e689ce-1eee-4357-a4a0-dd4c5217d2fd,0.1699,LOW
23581915-2b57-400f-863b-d060df0f2e2a,0.0468,LOW
23868462-252b-4963-9021-382af7f3776d,0.1327,LOW
238e4d56-a24e-48a2-aae1-96f71650432e,0.0899,LOW
24b941ed-bd44-4b15-a8c7-43ad287da32a,0.2386,LOW
24e317c1-8fa0-4b3b-b8d3-b7d3f92ac009,0.1,LOW
250f6e08-a766-4a66-a327-b6a888a2f921,0.125,LOW
251e52e9-454c-4798-abb1-3ce4c2077cd6,0.0194,LOW
266c65e1-1da0-4a96-86e2-80553c43cd56,0.1536,LOW
26f63661-6494-4598-b416-fbaba25ba5bb,0.2282,LOW
279ac705-1634-4361-8864-fb244e78b486,0.0524,LOW
27e4cb4c-d4be-4907-89f3-3ce31471842e,0.0187,LOW
2820cf4a-3a0f-4a2e-8456-a32764e06ae4,0.0892,LOW
284117af-ef16-4865-a14a-e9d875827cbd,0.0804,LOW
290d02b6-5abf-48c8-a469-fbc5aca4202c,0.1764,LOW
2964612e-efc7-4980-86d0-76283938ca89,0.2325,LOW
2a5d2f24-1cd4-4f62-b282-77624086678c,0.1736,LOW
2a664fd1-e8cb-4a6b-ad6d-53fd74bafade,0.0868,LOW
f4be4280-afdd-4330-b829-ce6bdd2e6eca,0.0383,LOW
2cf1bced-95fb-46c9-a3cf-e092c1050290,0.0857,LOW
2ec825fb-fa61-41f1-8bee-7fa328c49666,0.1791,LOW
2f2e9a29-6161-4ab2-8391-402e60c8fb72,0.2016,LOW
31620a63-399f-42b9-89cd-b87c4d154234,0.0638,LOW
316a878d-e8fb-4129-975f-b031899770b7,0.0809,LOW
316e1e3a-3159-4281-ae5d-82315c8ede2b,0.0557,LOW
319da319-83db-47b2-bb55-a682f2ddea99,0.2073,LOW
325d49dd-0932-435e-a065-f7aa2b7fd602,0.1031,LOW
328eab2e-f420-47e8-94e1-453986318b31,0.0738,LOW
32d0f0dc-b9f5-4aab-aab6-ae94e88d1de8,0.1918,LOW
32eaf5dd-c102-4be4-bdd0-2657c802ba8d,0.1043,LOW
32fc21c2-ecb5-41e7-aaec-16502c6508ec,0.0683,LOW
330ad5ec-068a-4d2d-bb6f-1f9f7273ec52,0.0773,LOW
337758ae-020e-4292-b7bc-36c48427c1e6,0.0812,LOW
338b0e5b-8bee-47b0-a494-197fddda2948,0.1712,LOW
342a3b41-c3e1-4592-94ff-880f18af019d,0.245,LOW
345fb52f-babd-4549-8d3f-f3b67a3a90b6,0.2165,LOW
362bc72d-8280-4430-a08f-9f88411c0209,0.2122,LOW
36b21fd3-edf6-4987-8c3c-fa2ed6a0ecb4,0.0646,LOW
372d11f2-68f7-4d39-bdcc-c0c829191573,0.0231,LOW
fb138002-d8aa-4e37-ba30-afdda4c958d7,0.265,LOW
fb12d0cb-8c15-4a47-8907-e432740a6e4b,0.1129,LOW
37642ca5-18ec-4416-bb19-421fe4fd6523,0.204,LOW
380de53a-17b2-4c2a-8539-9526859be107,0.0478,LOW
3922bfc9-44ef-4647-91b5-0df2d9d4cdfb,0.0572,LOW
393e0bd0-457f-41ac-b85a-285ee145fceb,0.1071,LOW
3acae265-8687-46e3-8dc8-42f5d30fb918,0.0477,LOW
fb96537f-9d2e-439e-bea0-7d33be72f280,0.19,LOW
fbe4b9c9-9fb8-4b91-baaf-ebae5b896aa6,0.0388,LOW
fbddb74d-d931-4612-8e84-9e5ea585cd11,0.062,LOW
3bb697b7-fba7-425a-ad73-6f3d25608953,0.0115,LOW
3beec6c4-8c0d-4e22-8d03-a359e2fc44a2,0.0227,LOW
3d13aac1-ebc6-4ffc-b475-c6357f58bf98,0.1707,LOW
3d2f415f-7afc-4b0b-8fd4-9bd77fd2ad80,0.1597,LOW
3dc5f6c7-3c7b-40dc-a1c4-4759c9846ad9,0.1236,LOW
3e120db8-9b0a-4660-b894-713e35f48676,0.1463,LOW
3e5fbcf7-6ffe-4184-84dc-f4990cfe1856,0.208,LOW
3f79341f-b88d-4397-894e-1b27ccc23a8e,0.0567,LOW
3fcc9396-d098-41dd-861a-2a245016b61a,0.1765,LOW
3ff2e7fc-7b24-44ee-b53a-458df7ea5045,0.2425,LOW
406ec0e9-91ce-465b-ab46-bff3c970b390,0.0721,LOW
408cb48d-8e90-4391-9fd2-ed0816810ba9,0.0441,LOW
40b50d79-ea38-4c39-b774-50d1d3a246d6,0.1391,LOW
40e67965-d7f3-4e1c-ba51-94f27ad32a9d,0.057,LOW
41c008b2-6a53-4145-a16e-77f672319719,0.0788,LOW
4275e3fd-a8ee-4a40-a7c2-2075467ac7b5,0.2109,LOW
429d7754-e766-4b8f-88c0-3999cb89bf0b,0.1853,LOW
45db75ed-413a-4605-8051-955ed4ba7c8b,0.1506,LOW
484d63d8-eb24-4f02-8edb-08b66a126167,0.0855,LOW
4870f03d-3de9-4070-9530-87158eb983ae,0.2431,LOW
48c150c9-dcbf-4de2-942a-2b60a640edc8,0.1703,LOW
49577331-16df-435a-a3db-8a981cfc909c,0.0896,LOW
49e63454-72e1-422b-8791-44677c36b342,0.181,LOW
49f4f70c-815e-406e-bc48-3eee0ed880ae,0.0759,LOW
4a7e155d-d5a8-42de-aeea-5f539e1a17fa,0.0714,LOW
4b4f4aa7-638a-4cbe-adf8-e50202f72755,0.1291,LOW
4c5e2f62-ff68-4e9a-a68b-e149b4df18d4,0.1115,LOW
4cd406d4-0410-467c-9c6b-d9fc1e872a59,0.0903,LOW
fca8ada5-05a5-4fc8-84f3-ea26490989a0,0.0842,LOW
4d2dcd6a-ddd3-4fe8-99f2-155a8096c31e,0.2892,LOW
4ff75aea-f368-4342-b9ce-1ff42d0bda07,0.1285,LOW
fcef1d0e-75c3-43b9-8331-cd83b8a6c31d,0.0113,LOW
509f6902-0f70-486f-ab8b-8d21f38d9d9b,0.1982,LOW
fd21ad28-a7b0-466d-8545-36645433ae6a,0.1711,LOW
50be9904-8c51-4c20-aaee-2f4bc6ad0ca6,0.0786,LOW
50fbf90f-c9bd-4749-ad04-8cfabb53a429,0.1842,LOW
513febed-b493-4feb-bb2a-32c3dcad145b,0.0408,LOW
515a6bc4-69de-4630-866b-b00f3d60a4a1,0.1788,LOW
517068ea-8806-4531-b27d-aa5a81791153,0.0935,LOW
51891a3e-c884-4f39-8a87-eb7f5c58d84a,0.0978,LOW
5279d72c-c36c-4689-827a-c64a5d046a69,0.1301,LOW
52aacb65-3ae7-432b-ad14-39640aecb269,0.2139,LOW
fd9846a6-c2e4-40b2-a0d0-67723f5d94c9,0.174,LOW
fd9c9c4f-df69-4abb-aa11-949868c4aa01,0.0909,LOW
555ea485-9358-40f7-ba28-b7f258d1b347,0.1652,LOW
5576fb29-f1b9-46b6-a1d6-ab2929395b93,0.2329,LOW
55909925-68c9-42fd-9187-57ef5b664c70,0.0983,LOW
55e94bac-a69a-408b-b6b1-de156935d2b9,0.1204,LOW
5748e32a-5c4d-408b-bc23-0ec0442e6357,0.0759,LOW
575c3bad-c90d-4460-8038-21b793b2a284,0.0171,LOW
57783c53-2c3c-4bc6-9606-616c95dde4c0,0.2339,LOW
58655cc5-b139-44a0-b181-2dfb5a7921db,0.0757,LOW
586fecda-9953-4777-a0a1-20253f88f01a,0.1066,LOW
58b41089-0228-4781-8b2a-2a7aa0ff0d9a,0.2011,LOW
5dd026a8-1189-4d8f-8b07-15a9360d128e,0.1256,LOW
5dd998c3-2cc4-4c20-b4b8-ea6bac7befa9,0.1687,LOW
5debf02f-b44c-43e9-be8e-2403981c9391,0.1343,LOW
623c13a7-0363-4947-8fc3-06c3311822c3,0.0559,LOW
62451e9d-2f69-439b-9248-4260d55f5622,0.1143,LOW
62ed0909-381e-4e0e-ac7c-48070d24a115,0.0697,LOW
63d66e8b-7383-44b9-9e07-64bc1c96e810,0.0452,LOW
6478343c-53b2-416c-811e-67886e7af6af,0.1836,LOW
656bc8c1-d361-4ebe-af2a-c7621402f00c,0.2843,LOW
65c48c52-e3b0-470f-8ab8-83bae23bc5e7,0.0815,LOW
65e2c250-fe43-4b05-853c-89481a2c6084,0.1775,LOW
66a085a2-29b0-4de1-864b-32ffb0904742,0.0676,LOW
66cd54b1-b78b-4fe4-9fa3-fa4106d7eea3,0.022,LOW
67063a41-223d-4842-b107-d494a3b62e2e,0.0883,LOW
689a1f9d-45e1-46ac-a489-eb252e424c0c,0.1829,LOW
68bbb95a-ee72-489a-9097-891d0bb0d1d7,0.0865,LOW
69a8c625-63f7-451d-8b7c-7a5cefb00a99,0.2483,LOW
69afe3b9-f28b-45ac-88bd-cccab1c11c50,0.2346,LOW
6a8887c3-f46d-469c-aedd-9b7d6b3feaaf,0.1501,LOW
6a8cbe51-0f37-43a4-9407-ae0e9fa60a2a,0.1188,LOW
6addebe8-0920-4323-8d0c-008241e8192f,0.2252,LOW
6c474238-1a76-4730-ab33-6a80da873530,0.1036,LOW
6ca20ae0-6d7d-4e41-9fa4-005a8014a8aa,0.106,LOW
6ca70253-6af5-4e0e-aaa2-9055f46a9301,0.1928,LOW
6d5ecc78-f022-45cd-9eac-05cd16907f8b,0.1156,LOW
6d8f000c-700d-452c-8601-d867ae5d334e,0.2299,LOW
6e27db98-d115-478c-a075-7917735ce0c9,0.0411,LOW
6e292749-fe7e-4aa3-b02b-cdb37eff6a2b,0.1818,LOW
6e57661b-edc7-45ae-9474-4efe46ccda23,0.1343,LOW
6e6d7b3c-9924-4660-8609-ed1165b3a05d,0.1226,LOW
6e931fb6-061e-4198-980d-7ac6cfceb8db,0.0714,LOW
6ea34f0f-e585-437d-8f52-ebf65e7a7118,0.2879,LOW
6f8346bb-09b0-4a8f-8dad-87e891eb5b73,0.1082,LOW
6f8a9cbe-2e04-4588-a884-636aaceac0a6,0.1909,LOW
70c129f0-7bb3-433e-a227-33250029f638,0.1824,LOW
70c31314-8692-4933-a753-4eca8cffec40,0.0967,LOW
714f2315-93c4-4bbd-9ca3-6a57493e41f1,0.1697,LOW
716423eb-a518-4b54-8722-9b3162e13c1b,0.0889,LOW
716c268d-5899-4877-8de9-1b205c895375,0.1171,LOW
721baa11-8398-4285-a412-22fcc2385724,0.1786,LOW
7225ed2f-9fa7-428b-b963-ee6c3337af88,0.1501,LOW
7470e5c3-73a8-430c-8d12-8665a1943134,0.0875,LOW
748908d5-c12d-4f3f-a053-b8066cf89508,0.0024,LOW
74ac73e1-071d-4f47-98ba-d16f34a3ce96,0.1526,LOW
74fe154b-f09a-4c8d-9232-291f1acf9201,0.2832,LOW
75bf8841-d7c9-4689-a5af-a95689edb1a2,0.0456,LOW
75ee81cc-a9e4-4a48-ae13-851a510bd40d,0.2048,LOW
75f96f85-fb2c-4739-97ba-d291d655b965,0.1145,LOW
76a433e4-6d15-4521-9062-c2b7ca3d6369,0.0229,LOW
76eb43fe-2c9e-4412-926f-d375d480de0a,0.198,LOW
7713a981-64a2-4abc-8b68-c7b5cadd32b3,0.1901,LOW
78d912c1-ac72-49ed-a248-c98bbc5d9ba6,0.0404,LOW
791901a3-20a3-4869-a674-de46752bb5c9,0.1393,LOW
7952e64b-8ca1-473c-b254-30953c306c39,0.2383,LOW
795e9182-3802-4b8c-8a57-ef6555995bc5,0.179,LOW
7ac25564-dcbb-4528-98db-bed191880f4f,0.2962,LOW
7bbef221-6c79-4ef9-a0c5-f72edfe98139,0.2125,LOW
7c31118a-3b19-4add-8550-8149071336c3,0.2802,LOW
7c70085b-3b78-45c3-90b3-8bfacc73bd3b,0.1155,LOW
7c72bf91-851e-4e96-9796-a947b128fdfc,0.2656,LOW
7d49ed04-44e0-4399-a7d6-ff0ebcdbbb4a,0.0581,LOW
7d6c2003-5ff3-4d02-b88e-4eb8d7ac08aa,0.0485,LOW
7dfe1fdf-637e-43c5-994d-e36115cd1c14,0.2602,LOW
7f48f885-e7aa-41d6-ba54-e632b1e7ecee,0.0512,LOW
80c1ae4d-dc5a-40bb-94c5-3883d998a391,0.0718,LOW
8175235c-d2b3-44f5-b4a4-b904f6d68b01,0.0249,LOW
81abc159-e684-40e0-910f-fb99f7823814,0.1271,LOW
82187eb3-109d-4181-90a5-1f5c7c1ca409,0.2139,LOW
82788a8a-d63b-4e23-a706-98d71171645a,0.1015,LOW
82999d52-2a3b-4676-89bc-ee697f155229,0.0719,LOW
83dfce02-ecd2-4c51-aca5-b355212bd84f,0.0378,LOW
84ad8bdd-0d68-4c69-9b4a-df522d37c6eb,0.2082,LOW
84dacd9d-65e1-4589-8634-cbb486b919a9,0.2354,LOW
85570b3f-25b7-49ce-9a42-c11b89f13f1b,0.0715,LOW
8559062b-0b8a-4b07-8ed9-31a02719e95f,0.0582,LOW
855f90c5-c592-48cb-b914-1b157c595fca,0.1174,LOW
856c8a8c-f1d6-4f71-9f14-41dabc4d17c8,0.0822,LOW
870ba260-4a49-474f-b9ba-63322c393524,0.2255,LOW
871d93d5-21af-429f-b4ad-2d673db1116b,0.127,LOW
88244cec-23f9-4082-86bd-591a7db58f24,0.1717,LOW
88ec7494-b349-4bb9-a34b-ff97f4ce148f,0.0604,LOW
88fd1635-2d46-44e4-88df-f2ebf4ff9297,0.2173,LOW
8a3506ca-6d94-4175-a895-28a947bfb984,0.0826,LOW
8bd5e264-49c4-485c-984d-86e43f5dcefc,0.1135,LOW
8c2a4f34-2f08-497a-8e9c-dd3f5df324ad,0.0099,LOW
8c7d93dc-8cdd-4ea5-b61f-5e80a5471650,0.153,LOW
8cb2fe36-7034-4664-baae-c0bcf8a365ce,0.1355,LOW
8d4e2468-0a17-4fee-9f7c-d0556efa4378,0.1175,LOW
8f257d6b-29a0-4b7d-a737-3f21a0de6e8f,0.0928,LOW
8fe3028d-7142-4467-9562-b728cf4373a2,0.1117,LOW
905887ef-8db5-43a8-901b-d80883dbc6c8,0.2775,LOW
90a9e5a6-3005-4e4b-a444-d74efda6746e,0.2282,LOW
91554a09-9861-4d70-bab9-68b40a63d81e,0.1822,LOW
91cfc8cb-1850-458c-8f1d-a908922716be,0.1068,LOW
925003ee-99d9-4be4-8680-e3eeb18b9dd9,0.1076,LOW
930690ca-3401-44a9-b410-93c7be4d1887,0.1828,LOW
938f67fa-61b4-4b1d-aa00-e3f7eeeb3c0d,0.1278,LOW
93eacaf5-19c5-497e-93e9-82f4839da01b,0.0715,LOW
952007f3-5181-4774-b193-9e965cbe96a1,0.0719,LOW
956d0db5-6449-44a6-9c71-0bc67934f0b5,0.2048,LOW
95ba5a48-5980-4b69-b43d-9396b2573b60,0.1092,LOW
962cae1c-ead4-4588-ba5f-43e617c77f1c,0.0917,LOW
965b7caa-1088-4851-8e6e-cc1809420d71,0.2566,LOW
96e98e47-8ccb-4830-a16f-6ae00fac8085,0.072,LOW
98199e21-6df4-4532-a4dc-75c1b8c76799,0.2974,LOW
9840d0db-29e9-4f0b-a118-6ee418e984df,0.2364,LOW
9907bbf5-a384-4535-981b-77e001b54c7a,0.2222,LOW
99ac735d-aed4-44a0-a3c7-db3440cda2b6,0.1105,LOW
9a0e6152-75a5-49d8-b396-9da72f49a995,0.0537,LOW
9a10dafb-d86b-473b-b504-26a5fe2b090d,0.0129,LOW
9aeb1590-a800-4d04-aa85-e619be29e2ce,0.0813,LOW
9b2598ce-e386-4059-98ff-426c8cd5a576,0.1443,LOW
9b8e1b36-e681-48be-a1e3-d27937828307,0.2734,LOW
9c83adfd-9ac7-45c3-a5be-1d4a762fae13,0.1595,LOW
9ceaacc2-cfb6-44da-b8ba-b88fd68e16f0,0.2672,LOW
9d476436-2c0d-467e-a704-d1e5a1a49b56,0.0151,LOW
9d7c67e4-cf76-4261-80da-a9a418310680,0.2579,LOW
9e32bfef-d772-46a2-989e-f927c0bbe9d8,0.1911,LOW
9f07c3af-6c87-4f85-8945-77670b6d0167,0.1547,LOW
9f382e28-6e41-4636-ba0f-8c706f324d26,0.1548,LOW
a008a90a-7296-42c3-a12c-1e31e9962a64,0.0874,LOW
a075c239-caff-4baa-8abb-c71331a8d659,0.0933,LOW
a148d34e-a28c-4791-80ed-1c8003d4f14a,0.2087,LOW
a19435d7-eee5-41a6-8fe2-0f16a2a4e65c,0.0176,LOW
a1ca96d4-b7cd-4eee-ba73-cc12c72b534f,0.164,LOW
a1d44c67-f262-4bb1-89b5-d2cb014eeb6f,0.1401,LOW
a207dd84-33af-4e0e-bf44-96a384a45636,0.0299,LOW
a2445cea-2637-425d-8268-0f3c3664f4ad,0.1693,LOW
a44c1f57-836b-47d9-8578-b9268081fe12,0.1589,LOW
a490fe11-b5b4-45d6-a044-2b2ae0ebaef1,0.0632,LOW
a5282c58-8c0f-405d-9000-d74c24498a1b,0.2941,LOW
a5e82786-a9bc-41bf-9592-191fe1b51936,0.0938,LOW
a64e3129-7b4e-4252-8b4f-831e12bd6145,0.0278,LOW
a7602a31-9e08-42df-bd36-5182334d5068,0.0435,LOW
a8a536c6-7cc3-44d0-9c41-eb465443ddaf,0.1684,LOW
aa1d46ac-f6e4-410d-898e-b7feefdbc5e8,0.0719,LOW
aa5b154c-1943-49a2-a4a9-fd5e0c755796,0.1378,LOW
aa5d5c3f-2b6c-4896-aa16-fc2548d9a7d4,0.2689,LOW
aa842db4-307b-4e79-929d-bb33a9cfdbbb,0.1095,LOW
aa904af6-dbe2-4128-921f-1f9fd969ecbc,0.1411,LOW
ab5bcc54-fe94-40d4-ac77-19c0374fe59b,0.231,LOW
abb23a32-ef2e-4458-bf6e-e74f6604eb9c,0.0914,LOW
abc3aa62-4c7d-4bfe-b350-4be8509cf3d3,0.0291,LOW
ac7db847-4a10-49c0-8a73-687545d9936f,0.2374,LOW
acbad7e1-b7ef-4ec6-8443-55ade0130abe,0.2753,LOW
acc32ca8-19d4-4579-9cf7-847191250dc7,0.102,LOW
acd63cb8-085a-44ec-8423-539536debdf7,0.026,LOW
acdba674-f074-4fde-80bb-a17bb0273cba,0.0911,LOW
acfcf678-3c27-4023-8263-2331559928fa,0.045,LOW
ad1ccc1e-213d-4f4a-8e64-bd45203bf841,0.128,LOW
ad231504-1fbe-406b-8738-25a9fb5c2ac2,0.1262,LOW
ad8fb5e0-0b8f-4f8f-9967-affb61607cdb,0.1523,LOW
ae1116a7-5fcb-45ca-babe-3f03f8694218,0.2399,LOW
ae8cc3ca-04c8-4c9c-ac56-63ab52d91aa4,0.1006,LOW
aeb6bfd0-d710-4613-80cb-fe18d3ecd825,0.1048,LOW
aee89125-8b89-4114-bf0a-9197dfc491d1,0.12,LOW
af310d91-cb52-46f0-bfce-85d35008db99,0.0448,LOW
b0538870-8ce7-4b46-9fca-2767ed456ed7,0.0191,LOW
b055fc67-0d19-41dd-89ec-ab2afde6750f,0.1074,LOW
b08dc500-8369-4405-82fa-4eb2de2923fd,0.0746,LOW
b0c402da-79b4-46d3-922b-31ac09dc21ef,0.2647,LOW
b13b16a6-691f-4371-b029-654cbf877c49,0.1534,LOW
b1853a15-6ac2-4e0c-a524-e604fe58220b,0.1804,LOW
b1a6d3d1-9185-4d5b-923b-8d405dd3d92d,0.1356,LOW
b1ecf892-ff8d-46b1-a9f3-50d057fefe9f,0.0302,LOW
b25e47ab-2971-4268-9178-da987ab92d6e,0.2268,LOW
b2dae067-f290-4cc6-9640-bef7bf1398d7,0.2397,LOW
b32a4f45-84d4-4a5b-929d-c3835fbf7d97,0.0883,LOW
b3bb25e0-4610-4a8b-b6aa-d2a1d5c59a63,0.1241,LOW
b45761e6-6792-437a-8913-fc384f7142ef,0.0652,LOW
b4a0296a-c4f1-4502-bbb4-2bfb6c873944,0.2008,LOW
b4c609ac-d56e-4d07-aa70-06a79e766703,0.0448,LOW
b4fd62c5-ce73-45a2-93d8-0d63e45de86d,0.2646,LOW
b5303595-9383-4cfb-bc3b-b9582589833c,0.1214,LOW
b5afc6b3-6e85-484e-a3ed-842fb15204f5,0.278,LOW
b5e7b77d-3d56-4339-9f2f-bde750aba7a0,0.0275,LOW
b638a1b5-1659-46f5-b8bb-91a7a4d584c1,0.0139,LOW
b6621a8d-7534-49bf-9b22-4392bdb74be8,0.04,LOW
b6b8788c-c528-44d8-beef-fcc4aaea5066,0.0848,LOW
b7a138c7-473f-4b71-891e-d1227c867f9f,0.1947,LOW
b7ebd3cb-d004-4a2f-95dc-97408ce9108f,0.0204,LOW
b87449df-613c-4812-98b8-6871b52742ba,0.0823,LOW
b8ee8fdf-5ef5-454c-8924-afac9821eb6b,0.1586,LOW
b8f7ca58-47c3-47a8-87cf-a1bf550691c2,0.148,LOW
b9b5afff-4b40-4c7d-b1a0-6adc22a28239,0.065,LOW
b9fa187f-78f1-4056-99e8-f6d286651e44,0.0809,LOW
ba0094b1-88fc-4367-85ca-6fe31590d721,0.033,LOW
ba417a72-db50-49f4-a463-40822905c6e6,0.1682,LOW
ba60f820-da47-4b03-8c49-db6d9380d421,0.0529,LOW
ba777761-8f2b-47f1-9819-5c798533b53f,0.1015,LOW
bacceddc-b773-475f-914a-1af321efc2c0,0.1699,LOW
bb4a8275-ae8e-45ce-8b17-0868e53d56e5,0.1012,LOW
bbf58f9c-cda2-4f52-82c3-39e6bbfd80ed,0.084,LOW
bc581ccb-a2c6-4b98-8ed2-ee1e5bc4698c,0.0638,LOW
bc60c414-df1d-4fb2-a36c-199db3672d6c,0.0456,LOW
bcec5c9a-3c47-4928-bfe6-b803ab5f0321,0.1807,LOW
bd020129-b83f-4ee9-b071-85a95df8c025,0.1385,LOW
be2a1ca5-e82d-4461-b275-d27d83cf7dba,0.1383,LOW
be6f4609-8718-46e8-8830-79b06aa6a4bb,0.15,LOW
bf854369-4b10-4c81-89c3-1c94e7d3ff5d,0.259,LOW
bfd7c227-b6a2-4bf9-9b01-b4114f0f97a7,0.2998,LOW
c058a84b-1f85-4789-8ef0-052a54030cbb,0.0679,LOW
c15828bb-bf98-40a3-bf45-f147ad0752e6,0.0439,LOW
c19c6410-87ec-4ef6-838e-660ed75f4fdf,0.1429,LOW
c1e33363-69bb-4aa2-b96d-c089b755acbc,0.0581,LOW
c1ebd4ae-4315-46e4-aef2-43f64025ea9e,0.1148,LOW
c22a8af6-2837-4111-af93-f195801d8640,0.0631,LOW
c3746fe9-d362-4d8b-bbe5-fa32f3b934e5,0.2421,LOW
c53c7c40-2953-4c94-b168-48914a1c76b5,0.0585,LOW
c5933dbf-f503-4c84-9674-5bf5e1d252ec,0.193,LOW
c5951bfe-60d7-4756-ba5e-8bcbef071835,0.0555,LOW
c6620e5c-13b4-4bd8-b3b6-8c6dff639e07,0.2849,LOW
c6b520ad-93ce-4a8f-bfbe-4c638334fbe5,0.2933,LOW
c6e8660c-8767-4d70-822c-0875166905c9,0.179,LOW
c7380f99-968a-4518-860a-cb538cd114da,0.152,LOW
c77a2075-dfca-4b97-925d-c1037d376078,0.1635,LOW
c8b2f1f2-ddae-4262-8bd2-c9ede24c023c,0.2225,LOW
c8c298e0-a887-4136-9002-7514d33b9efa,0.0945,LOW
c981d9f9-4b61-400c-b682-df5260deeac1,0.0722,LOW
c9a186d0-fbac-4491-9b04-b1b946afe5c4,0.1166,LOW
c9e30f97-d8f0-43fa-a40d-efbd55c244f0,0.1152,LOW
c9f3d48d-13e2-4ff6-bc22-069e2e6100eb,0.0146,LOW
c9fc1533-b26c-4dc0-880e-3377eca786b9,0.1062,LOW
ca54614a-f54b-416d-85fd-6138bf0f5892,0.0407,LOW
ca6786f8-aa94-4f96-9dcc-a78a422851ff,0.2546,LOW
cb2f2067-9fac-4155-9e39-b5e22ba1f508,0.1336,LOW
cb66d5e4-fdd1-46aa-acaf-20029592b36e,0.2592,LOW
cbfaa141-74ed-411f-9e94-013fbd2f2a41,0.129,LOW
cc4f99dd-1da8-4654-b85b-a8f25795213c,0.0363,LOW
cc7bf4dd-7546-4546-9a40-79a44670a3c1,0.2449,LOW
cca07281-e2b6-41fc-aa5d-0fbfe5ad54c1,0.1209,LOW
cd142dde-1632-44e3-845c-5a242ba2943b,0.2476,LOW
cd3320e0-a3c2-40a2-8f14-25532e81e9a1,0.1958,LOW
cd435130-1ba0-4af1-a59c-fb3c1883a99a,0.118,LOW
cd912ecb-3c01-4a8a-92ea-0b9755212185,0.1551,LOW
cec8dcd7-0045-4053-bdd8-eee57aae9598,0.0774,LOW
cf269487-8b93-4d65-be75-29421f618244,0.054,LOW
cff7c4bf-39f9-4d79-bb3b-47c4ab9cb041,0.2828,LOW
d0030dbc-3105-4598-bc3b-656e63b83cc6,0.166,LOW
d06eec8b-e825-4468-beb4-e42723b69660,0.0457,LOW
d0a1fc28-25b9-4979-8859-19a7fa2c30a6,0.0769,LOW
d0c69b71-7a6a-4760-9967-1b6b8c58620c,0.1281,LOW
d0fb2fb8-79a2-444c-b2c6-c03f4c56b609,0.0224,LOW
d1e55f84-06d6-41e1-9ced-fd0a52c99753,0.2258,LOW
d22d8d75-b8b3-49ef-9e6a-807b265d4ed5,0.0686,LOW
d242df9b-f159-420c-b4f9-89f2eea95bb7,0.057,LOW
d2b7b1d4-3e6c-4694-9ac8-37e2fd313fc6,0.0691,LOW
d368530f-f4e5-490b-a9f8-b6261cf449a5,0.0339,LOW
d4453f57-1159-4f09-8c66-64c93cd56382,0.2535,LOW
d478e2de-f05d-4f8d-86f8-494d83057329,0.1463,LOW
d4c63e4e-66ff-4831-8636-b015fee2a59d,0.0621,LOW
d70b049a-7fa0-43c4-a8a5-e0d323fcbd5e,0.2031,LOW
d70f1e09-2788-4381-8c32-522c45aad82d,0.1417,LOW
d7569ca5-4d0e-4d68-96c8-1e090696caf8,0.0616,LOW
d795b592-8f77-4f3b-9598-a7a258830c17,0.1608,LOW
d8e4a1d2-5f40-4f7c-abc8-5b8f29a58a6a,0.2321,LOW
d8fd3f07-6e68-450d-827b-214e03053c91,0.157,LOW
d9098e4e-f159-4cfe-afcd-5264e1da7188,0.0634,LOW
d9282205-8821-45ce-ac88-9d50a76f6ef5,0.2865,LOW
d9800616-e762-4ce9-ab15-e69ac9cc47f5,0.1959,LOW
d98f34f3-b3eb-4cd1-9023-77c34186769f,0.1705,LOW
d999c307-b380-4ad7-aa6f-4c1cdaafa9e5,0.1903,LOW
da5637c3-bbd8-46c5-808c-250e2ce0c064,0.2286,LOW
dadf6462-baa1-4cfb-b078-54c465d64fd6,0.1234,LOW
daed600b-8702-44d5-856c-c886c4c436ed,0.0409,LOW
db167624-9e54-4542-afe4-417aeb1ccec2,0.0218,LOW
db1f5b2d-7be4-4edc-8533-76e7d46b326c,0.0908,LOW
db6fcef5-aded-4f8d-b3d4-fa4ce302d63a,0.1281,LOW
dbbaae36-0bfd-4b11-acda-f96ca9e12102,0.0466,LOW
dbc584b6-6590-486e-b176-9b2cdfc5f820,0.1508,LOW
dc33d7fc-07fd-4b58-8bbb-117c2f79407a,0.0169,LOW
dc38ca41-5e01-4090-8e14-7425266f3369,0.1121,LOW
dc50d78d-3e29-4d0c-a40e-366a7414e9c4,0.1276,LOW
df07035d-8475-4797-9d80-95688b083a96,0.0792,LOW
df2e90cd-b521-4ae2-90bc-38ebfd249c06,0.0627,LOW
df7bcda1-5577-4ef2-a510-ea823eabe880,0.0936,LOW
df97af2d-fdda-4b0c-aba7-7a54a1e50ce0,0.2151,LOW
e0064b7a-ddeb-40cc-a2f2-681d5ee7ea9d,0.108,LOW
e02fd6b4-6976-4f65-9c3e-59a0c881ede1,0.2165,LOW
e0477c2f-035c-4aa1-80d2-25fc6b49fb8b,0.1221,LOW
e08a8ded-ee2e-4c9c-88ae-65983d4d77da,0.1849,LOW
e0f16c2d-851f-488f-ab43-d61c2afbe594,0.2897,LOW
e17a76ac-2ebb-40b8-b62e-c366e42d985a,0.1837,LOW
e17ad72d-bbc0-4483-8902-3dcf58c47947,0.2885,LOW
e1a13c4d-b0ac-47a3-a3b9-d13833b013d1,0.0462,LOW
e24daa0e-1c65-4fa7-a518-dba969470afa,0.2114,LOW
e2ccb827-1027-464a-a66b-ee7f6bbf3d01,0.1091,LOW
e30496c6-febc-49a1-961d-9bafde146ed3,0.154,LOW
e316371d-c872-4e8c-8533-a3bb2ee155bf,0.188,LOW
e33dc0ea-dcc3-4dfe-8b74-8910f692e9f1,0.1636,LOW
e5106f19-1792-46dd-9b40-f38fdab424f1,0.1672,LOW
e552da98-1851-48f0-bd36-e93c68a24c05,0.2912,LOW
e6c295cf-d942-4b01-81c4-baed7dc361b2,0.1573,LOW
e74e3179-82df-41f2-9b4f-4aba5ac2a1f6,0.0112,LOW
e7b453d9-42d4-43e4-b64e-1838dcf9f36d,0.2629,LOW
e84eb42d-74ba-4e03-a516-0e23ae1364ab,0.0552,LOW
e94b123f-f686-4770-84c4-b5411ad2289d,0.0976,LOW
e9e96d74-25bd-4f7b-8e64-b1666446d1b0,0.0462,LOW
ea554137-0f45-47f1-a76c-baba321c5b40,0.0203,LOW
eaa4b67c-8f71-451f-a4e9-e1f3231d3d45,0.029,LOW
eabe268f-dfb6-47a9-b935-e8774f1b5273,0.1908,LOW
eb22fb6b-3901-4746-a90d-e92c6eafc82e,0.2482,LOW
ebcd0ea7-0fb6-4987-a14d-7a14cd13cc75,0.115,LOW
ebd535bf-17c0-473c-8b63-02e5645f1071,0.0497,LOW
ec375b1c-de05-4a98-8d5e-bca5544744cc,0.2978,LOW
ec59d30a-bb40-48bf-938d-2f1ef92e2b3e,0.1664,LOW
ec5ac8cd-f682-4819-9059-eefffb6f5d82,0.287,LOW
ec66eb4c-060e-4a54-979c-7a6c9f42187a,0.0632,LOW
ed0939c1-9fdb-442f-8a5b-bc0da922a735,0.1135,LOW
ed10d0d7-7a78-4250-b570-675ec4779354,0.2166,LOW
ed25bc8b-55b7-4e5e-8b56-f31142694c6b,0.1389,LOW
ee2c515c-8c8b-45b9-9631-f904f1fa6566,0.1028,LOW
ee53f9de-6f6b-4df2-a6c6-0e8850891f51,0.1707,LOW
ee956369-c784-47f4-b1f0-5c1e8cebad29,0.1773,LOW
eeb6e8b8-05dd-452b-8277-251c9653312d,0.0317,LOW
eed2350a-5a21-4e75-85ea-c6b96fa7adc1,0.014,LOW
ef2e54a2-fd08-406a-b3ff-d736a455594e,0.2992,LOW
efb455b9-5a87-4ad0-a9cc-53b0693f8898,0.2223,LOW
efdda89a-b0a1-4bd9-9ec5-048382dc9cce,0.0468,LOW
f0c69607-f4b3-4984-987a-a6042070a271,0.0428,LOW
f0ea6465-a2e2-4f62-ba1c-99921f61362b,0.0591,LOW
f1068ed1-f701-4602-84d0-aff397557dfd,0.0769,LOW
f1da747e-1154-43f7-b6f4-ddf736e86618,0.1027,LOW
f2dbce01-9b30-42ad-abd5-c3b0f2f322c9,0.1804,LOW
f327557a-9467-4a88-8c99-f2c2eafc62af,0.1734,LOW
f3b97009-9824-4eda-95ec-b032f70dc958,0.0301,LOW
f3e81848-83fa-4886-8dbf-3aae8bf4c925,0.2719,LOW
f5874195-8456-4f4a-bd34-4485a3acb098,0.0912,LOW
f85bdb61-502f-4704-8d9b-36bf89bce2a1,0.0475,LOW
f863991e-49ee-409f-afe7-66a75c01e5a1,0.0679,LOW
f87b7cec-8456-4e52-85ba-5c515304ed54,0.2423,LOW
f8b4d60f-35b8-4083-a7a5-31bb1b7010b8,0.1681,LOW
fa9db6e4-2d47-4e7e-ab00-08125c4ba3ba,0.1804,LOW
fd6e6951-df52-42f9-9cae-dbb1e8b499c6,0.1386,LOW
fe5867c7-c6e3-4373-88ab-01c16730dc93,0.0939,LOW
ffc10f41-1f7e-4b68-91fc-e8b60d5e70d8,0.1461,LOW
